Time,COâ‚‚(ppm),Temperature(C),Humidity(%),Pressure(hPa)
12/1/2021 9:33:44 AM,"495","22.5","37","987"
12/1/2021 9:38:44 AM,"573","22.4","38","987"
12/1/2021 9:43:44 AM,"625","22.4","38","987"
12/1/2021 9:48:44 AM,"643","22.4","39","987"
12/1/2021 9:53:44 AM,"644","22.3","39","987"
12/1/2021 9:58:44 AM,"645","22.2","39","987"
12/1/2021 10:03:44 AM,"628","22.2","39","987"
12/1/2021 10:08:44 AM,"649","22.2","39","987"
12/1/2021 10:13:44 AM,"651","22.1","39","987"
12/1/2021 10:18:44 AM,"665","22.1","40","987"
12/1/2021 10:23:44 AM,"640","22.1","40","987"
12/1/2021 10:28:44 AM,"634","22.0","40","987"
12/1/2021 10:33:44 AM,"630","22.0","40","987"
12/1/2021 10:38:44 AM,"641","22.0","40","987"
12/1/2021 10:43:44 AM,"645","22.0","40","987"
12/1/2021 10:48:44 AM,"650","22.0","40","987"
12/1/2021 10:53:44 AM,"665","22.0","40","987"
12/1/2021 10:58:44 AM,"656","22.0","40","987"
12/1/2021 11:03:44 AM,"632","22.0","40","987"
12/1/2021 11:08:44 AM,"635","22.0","40","987"
12/1/2021 11:13:44 AM,"601","22.0","40","987"
12/1/2021 11:18:44 AM,"612","22.0","40","987"
12/1/2021 11:23:44 AM,"639","22.0","40","987"
12/1/2021 11:28:44 AM,"639","21.9","40","987"
12/1/2021 11:33:44 AM,"632","21.9","40","987"
12/1/2021 11:38:44 AM,"639","21.9","40","987"
12/1/2021 11:43:44 AM,"647","22.0","40","987"
12/1/2021 11:48:44 AM,"669","22.0","40","987"
12/1/2021 11:53:44 AM,"649","22.0","40","987"
12/1/2021 11:58:44 AM,"630","22.0","39","987"
12/1/2021 12:03:44 PM,"639","22.0","39","987"
12/1/2021 12:08:44 PM,"650","22.0","39","987"
12/1/2021 12:13:44 PM,"671","22.0","39","987"
12/1/2021 12:18:44 PM,"684","22.0","39","987"
12/1/2021 12:23:44 PM,"689","22.0","39","987"
12/1/2021 12:28:44 PM,"699","22.0","39","987"
12/1/2021 12:33:44 PM,"693","22.0","39","987"
12/1/2021 12:38:44 PM,"671","22.0","39","987"
12/1/2021 12:43:44 PM,"649","22.0","39","987"
12/1/2021 12:48:44 PM,"662","22.0","38","987"
12/1/2021 12:53:44 PM,"675","22.0","38","987"
12/1/2021 12:58:44 PM,"675","22.0","38","987"
12/1/2021 1:03:44 PM,"695","22.0","38","987"
12/1/2021 1:08:44 PM,"682","21.9","38","987"
12/1/2021 1:13:44 PM,"680","22.0","38","987"
12/1/2021 1:18:44 PM,"689","22.0","38","987"
12/1/2021 1:23:44 PM,"628","21.5","37","987"
12/1/2021 1:28:44 PM,"561","20.8","37","987"
12/1/2021 1:33:44 PM,"550","20.1","37","987"
12/1/2021 1:38:44 PM,"538","19.9","38","987"
12/1/2021 1:43:44 PM,"575","20.3","38","987"
12/1/2021 1:48:44 PM,"592","20.8","38","987"
12/1/2021 1:53:44 PM,"607","21.1","37","987"
12/1/2021 1:58:44 PM,"637","21.4","37","987"
12/1/2021 2:03:44 PM,"661","21.6","37","987"
12/1/2021 2:08:44 PM,"667","21.8","37","987"
12/1/2021 2:13:44 PM,"660","21.9","37","987"
12/1/2021 2:18:44 PM,"679","22.0","36","987"
12/1/2021 2:23:44 PM,"675","21.9","37","987"
12/1/2021 2:28:44 PM,"655","21.9","37","987"
12/1/2021 2:33:44 PM,"668","21.9","37","987"
12/1/2021 2:38:44 PM,"680","21.9","37","987"
12/1/2021 2:43:44 PM,"684","21.9","37","987"
12/1/2021 2:48:44 PM,"695","21.9","37","987"
12/1/2021 2:53:44 PM,"688","21.9","37","987"
12/1/2021 2:58:44 PM,"692","21.9","37","987"
12/1/2021 3:03:44 PM,"689","21.9","37","987"
12/1/2021 3:08:44 PM,"661","21.8","37","988"
12/1/2021 3:13:44 PM,"674","21.8","37","988"
12/1/2021 3:18:44 PM,"683","21.8","37","988"
12/1/2021 3:23:44 PM,"716","21.9","37","988"
12/1/2021 3:28:44 PM,"719","21.9","37","988"
12/1/2021 3:33:44 PM,"711","21.9","37","988"
12/1/2021 3:38:44 PM,"712","21.9","37","988"
12/1/2021 3:43:44 PM,"705","21.9","37","988"
12/1/2021 3:48:44 PM,"683","21.8","37","988"
12/1/2021 3:53:44 PM,"660","21.8","37","988"
12/1/2021 3:58:44 PM,"636","21.8","37","988"
12/1/2021 4:03:44 PM,"652","21.8","37","988"
12/1/2021 4:08:44 PM,"638","21.8","37","988"
12/1/2021 4:13:44 PM,"637","21.8","37","988"
12/1/2021 4:18:44 PM,"634","21.8","37","988"
12/1/2021 4:23:44 PM,"611","21.7","37","988"
12/1/2021 4:28:44 PM,"594","21.7","37","988"
12/1/2021 4:33:44 PM,"583","21.7","37","988"
12/1/2021 4:38:44 PM,"563","21.6","37","988"
12/1/2021 4:43:44 PM,"569","21.6","37","988"
12/1/2021 4:48:44 PM,"561","21.6","37","988"
12/1/2021 4:53:44 PM,"555","21.6","37","988"
12/1/2021 4:58:44 PM,"569","21.6","37","988"
12/1/2021 5:03:44 PM,"561","21.6","37","988"
12/1/2021 5:08:44 PM,"556","21.6","37","988"
12/1/2021 5:13:44 PM,"573","21.6","37","988"
12/1/2021 5:18:44 PM,"567","21.6","36","989"
12/1/2021 5:23:44 PM,"563","21.6","36","989"
12/1/2021 5:28:44 PM,"570","21.6","36","989"
12/1/2021 5:33:44 PM,"549","21.6","36","989"
12/1/2021 5:38:44 PM,"557","21.6","36","989"
12/1/2021 5:43:44 PM,"544","21.5","36","989"
12/1/2021 5:48:44 PM,"553","21.6","36","989"
12/1/2021 5:53:44 PM,"536","21.5","36","989"
12/1/2021 5:58:44 PM,"528","21.5","36","989"
12/1/2021 6:03:44 PM,"525","21.5","36","989"
12/1/2021 6:08:44 PM,"525","21.5","36","989"
12/1/2021 6:13:44 PM,"524","21.5","36","989"
12/1/2021 6:18:44 PM,"521","21.5","36","989"
12/1/2021 6:23:44 PM,"519","21.5","36","989"
12/1/2021 6:28:44 PM,"496","21.5","36","989"
12/1/2021 6:33:44 PM,"480","21.5","36","989"
12/1/2021 6:38:44 PM,"488","21.6","36","990"
12/1/2021 6:43:44 PM,"487","21.6","36","990"
12/1/2021 6:48:44 PM,"468","21.6","36","990"
12/1/2021 6:53:44 PM,"474","21.7","35","990"
12/1/2021 6:58:44 PM,"473","21.8","35","990"
12/1/2021 7:03:44 PM,"462","21.8","35","990"
12/1/2021 7:08:44 PM,"464","21.9","35","990"
12/1/2021 7:13:44 PM,"475","21.9","35","990"
12/1/2021 7:18:44 PM,"491","22.0","35","990"
12/1/2021 7:23:44 PM,"511","22.1","35","990"
12/1/2021 7:28:44 PM,"508","22.1","35","990"
12/1/2021 7:33:44 PM,"489","22.2","35","990"
12/1/2021 7:38:44 PM,"476","22.2","34","990"
12/1/2021 7:43:44 PM,"467","22.3","34","990"
12/1/2021 7:48:44 PM,"447","22.3","34","991"
12/1/2021 7:53:44 PM,"462","22.4","34","991"
12/1/2021 7:58:44 PM,"449","22.4","34","991"
12/1/2021 8:03:44 PM,"449","22.5","33","991"
12/1/2021 8:08:44 PM,"447","22.6","33","991"
12/1/2021 8:13:44 PM,"446","22.6","33","991"
12/1/2021 8:18:44 PM,"461","22.5","34","991"
12/1/2021 8:23:44 PM,"462","22.5","34","991"
12/1/2021 8:28:44 PM,"450","22.5","34","991"
12/1/2021 8:33:44 PM,"450","22.5","34","991"
12/1/2021 8:38:44 PM,"451","22.5","34","991"
12/1/2021 8:43:44 PM,"444","22.5","34","991"
12/1/2021 8:48:44 PM,"437","22.5","34","991"
12/1/2021 8:53:44 PM,"444","22.5","34","991"
12/1/2021 8:58:44 PM,"440","22.4","34","991"
12/1/2021 9:03:44 PM,"440","22.4","34","991"
12/1/2021 9:08:44 PM,"443","22.4","34","991"
12/1/2021 9:13:44 PM,"450","22.4","34","992"
12/1/2021 9:18:44 PM,"435","22.4","34","992"
12/1/2021 9:23:44 PM,"431","22.3","34","992"
12/1/2021 9:28:44 PM,"433","22.3","34","992"
12/1/2021 9:33:44 PM,"442","22.3","34","992"
12/1/2021 9:38:44 PM,"438","22.2","34","992"
12/1/2021 9:43:44 PM,"435","22.2","34","992"
12/1/2021 9:48:44 PM,"437","22.2","34","992"
12/1/2021 9:53:44 PM,"430","22.2","34","992"
12/1/2021 9:58:44 PM,"442","22.2","34","992"
12/1/2021 10:03:44 PM,"431","22.2","34","992"
12/1/2021 10:08:44 PM,"433","22.2","34","992"
12/1/2021 10:13:44 PM,"432","22.1","34","992"
12/1/2021 10:18:44 PM,"429","22.0","34","992"
12/1/2021 10:23:44 PM,"438","22.0","34","992"
12/1/2021 10:28:44 PM,"430","21.9","34","992"
12/1/2021 10:33:44 PM,"429","21.8","34","992"
12/1/2021 10:38:44 PM,"435","21.8","34","992"
12/1/2021 10:43:44 PM,"433","21.8","35","992"
12/1/2021 10:48:44 PM,"432","21.7","35","992"
12/1/2021 10:53:44 PM,"422","21.6","35","992"
12/1/2021 10:58:44 PM,"428","21.6","35","993"
12/1/2021 11:03:44 PM,"427","21.5","35","992"
12/1/2021 11:08:44 PM,"416","21.5","35","993"
12/1/2021 11:13:44 PM,"425","21.5","35","993"
12/1/2021 11:18:44 PM,"431","21.5","35","993"
12/1/2021 11:23:44 PM,"424","21.5","35","993"
12/1/2021 11:28:44 PM,"423","21.4","35","993"
12/1/2021 11:33:44 PM,"428","21.4","35","993"
12/1/2021 11:38:44 PM,"425","21.4","35","993"
12/1/2021 11:43:44 PM,"421","21.4","35","993"
12/1/2021 11:48:44 PM,"432","21.4","35","993"
12/1/2021 11:53:44 PM,"428","21.4","35","993"
12/1/2021 11:58:44 PM,"418","21.3","35","993"
12/2/2021 12:03:44 AM,"423","21.3","35","993"
12/2/2021 12:08:44 AM,"433","21.3","35","993"
12/2/2021 12:13:44 AM,"419","21.2","35","993"
12/2/2021 12:18:44 AM,"416","21.2","35","993"
12/2/2021 12:23:44 AM,"423","21.2","35","993"
12/2/2021 12:28:44 AM,"425","21.2","35","993"
12/2/2021 12:33:44 AM,"430","21.2","35","993"
12/2/2021 12:38:44 AM,"415","21.2","35","993"
12/2/2021 12:43:44 AM,"411","21.2","35","993"
12/2/2021 12:48:44 AM,"426","21.2","35","993"
12/2/2021 12:53:44 AM,"421","21.1","35","993"
12/2/2021 12:58:44 AM,"415","21.1","35","993"
12/2/2021 1:03:44 AM,"418","21.1","35","993"
12/2/2021 1:08:44 AM,"416","21.1","35","993"
12/2/2021 1:13:44 AM,"413","21.1","35","993"
12/2/2021 1:18:44 AM,"419","21.1","35","993"
12/2/2021 1:23:44 AM,"411","21.0","35","993"
12/2/2021 1:28:44 AM,"419","21.0","35","993"
12/2/2021 1:33:44 AM,"426","21.0","35","993"
12/2/2021 1:38:44 AM,"424","21.1","36","993"
12/2/2021 1:43:44 AM,"421","21.0","36","993"
12/2/2021 1:48:44 AM,"421","21.0","36","993"
12/2/2021 1:53:44 AM,"414","21.0","36","993"
12/2/2021 1:58:44 AM,"422","21.0","36","993"
12/2/2021 2:03:44 AM,"420","21.0","36","994"
12/2/2021 2:08:44 AM,"422","21.0","36","994"
12/2/2021 2:13:44 AM,"426","21.0","36","994"
12/2/2021 2:18:44 AM,"417","21.0","36","994"
12/2/2021 2:23:44 AM,"428","21.0","36","994"
12/2/2021 2:28:44 AM,"420","21.0","36","994"
12/2/2021 2:33:44 AM,"419","21.0","36","994"
12/2/2021 2:38:44 AM,"421","21.0","36","994"
12/2/2021 2:43:44 AM,"429","21.0","36","994"
12/2/2021 2:48:44 AM,"413","21.0","36","994"
12/2/2021 2:53:44 AM,"406","21.0","36","994"
12/2/2021 2:58:44 AM,"427","21.0","36","994"
12/2/2021 3:03:44 AM,"416","21.0","36","994"
12/2/2021 3:08:44 AM,"421","21.0","36","994"
12/2/2021 3:13:44 AM,"415","21.0","36","994"
12/2/2021 3:18:44 AM,"410","20.9","36","994"
12/2/2021 3:23:44 AM,"423","20.9","36","994"
12/2/2021 3:28:44 AM,"419","20.9","36","994"
12/2/2021 3:33:44 AM,"411","20.9","36","994"
12/2/2021 3:38:44 AM,"410","20.9","36","994"
12/2/2021 3:43:44 AM,"420","20.9","36","994"
12/2/2021 3:48:44 AM,"422","20.9","36","994"
12/2/2021 3:53:44 AM,"418","20.9","36","994"
12/2/2021 3:58:44 AM,"416","20.9","36","994"
12/2/2021 4:03:44 AM,"408","20.9","36","994"
12/2/2021 4:08:44 AM,"410","20.9","36","994"
12/2/2021 4:13:44 AM,"421","20.9","36","994"
12/2/2021 4:18:44 AM,"409","20.9","36","994"
12/2/2021 4:23:44 AM,"429","20.9","36","994"
12/2/2021 4:28:44 AM,"412","20.9","36","994"
12/2/2021 4:33:44 AM,"418","20.9","36","994"
12/2/2021 4:38:44 AM,"408","20.8","36","994"
12/2/2021 4:43:44 AM,"418","20.8","36","994"
12/2/2021 4:48:44 AM,"425","20.8","36","994"
12/2/2021 4:53:44 AM,"413","20.8","36","994"
12/2/2021 4:58:44 AM,"407","20.8","36","994"
12/2/2021 5:03:44 AM,"407","20.8","36","994"
12/2/2021 5:08:44 AM,"406","20.8","36","994"
12/2/2021 5:13:44 AM,"398","20.8","36","994"
12/2/2021 5:18:44 AM,"409","20.8","36","994"
12/2/2021 5:23:44 AM,"408","20.8","36","994"
12/2/2021 5:28:44 AM,"409","20.8","36","994"
12/2/2021 5:33:44 AM,"406","20.8","36","994"
12/2/2021 5:38:44 AM,"413","20.8","36","994"
12/2/2021 5:43:44 AM,"409","20.8","36","994"
12/2/2021 5:48:44 AM,"406","20.8","36","994"
12/2/2021 5:53:44 AM,"404","20.8","36","994"
12/2/2021 5:58:44 AM,"406","20.8","36","994"
12/2/2021 6:03:44 AM,"409","20.8","35","994"
12/2/2021 6:08:44 AM,"416","20.9","35","994"
12/2/2021 6:13:44 AM,"418","21.0","34","994"
12/2/2021 6:18:44 AM,"422","21.3","33","994"
12/2/2021 6:23:44 AM,"420","21.5","32","995"
12/2/2021 6:28:44 AM,"423","21.8","31","995"
12/2/2021 6:33:44 AM,"413","21.9","31","994"
12/2/2021 6:38:44 AM,"418","22.0","31","995"
12/2/2021 6:43:44 AM,"419","22.1","30","995"
12/2/2021 6:48:44 AM,"430","22.2","30","995"
12/2/2021 6:53:44 AM,"414","22.3","30","995"
12/2/2021 6:58:44 AM,"415","22.4","29","995"
12/2/2021 7:03:44 AM,"420","22.4","29","995"
12/2/2021 7:08:44 AM,"424","22.4","29","995"
12/2/2021 7:13:44 AM,"426","22.5","29","995"
12/2/2021 7:18:44 AM,"413","22.5","29","995"
12/2/2021 7:23:44 AM,"419","22.5","28","995"
12/2/2021 7:28:44 AM,"416","22.5","28","995"
12/2/2021 7:33:44 AM,"421","22.5","28","995"
12/2/2021 7:38:44 AM,"445","22.5","28","995"
12/2/2021 7:43:44 AM,"434","22.5","28","995"
12/2/2021 7:48:44 AM,"415","22.5","28","995"
12/2/2021 7:53:44 AM,"419","22.5","28","995"
12/2/2021 7:58:44 AM,"416","22.5","28","995"
12/2/2021 8:03:44 AM,"424","22.5","28","995"
12/2/2021 8:08:44 AM,"432","22.5","28","995"
12/2/2021 8:13:44 AM,"423","22.5","28","995"
12/2/2021 8:18:44 AM,"428","22.5","28","995"
12/2/2021 8:23:44 AM,"425","22.5","28","995"
12/2/2021 8:28:44 AM,"435","22.5","28","995"
12/2/2021 8:33:44 AM,"419","22.5","28","995"
12/2/2021 8:38:44 AM,"431","22.5","28","996"
12/2/2021 8:43:44 AM,"438","22.5","28","996"
12/2/2021 8:48:44 AM,"435","22.5","28","996"
12/2/2021 8:53:44 AM,"443","22.5","28","996"
12/2/2021 8:58:44 AM,"442","22.6","28","996"
12/2/2021 9:03:44 AM,"449","22.6","27","996"
12/2/2021 9:08:44 AM,"449","22.6","28","996"
12/2/2021 9:13:44 AM,"455","22.6","28","996"
12/2/2021 9:18:44 AM,"476","22.6","28","996"
12/2/2021 9:23:44 AM,"519","22.6","28","996"
12/2/2021 9:28:44 AM,"572","22.6","28","996"
12/2/2021 9:33:44 AM,"567","22.5","29","996"
12/2/2021 9:38:44 AM,"505","22.5","28","996"
12/2/2021 9:43:44 AM,"506","22.5","28","996"
12/2/2021 9:48:44 AM,"527","22.4","29","996"
12/2/2021 9:53:44 AM,"536","22.3","29","996"
12/2/2021 9:58:44 AM,"550","22.2","29","996"
12/2/2021 10:03:44 AM,"565","22.1","29","996"
12/2/2021 10:08:44 AM,"570","22.1","29","997"
12/2/2021 10:13:44 AM,"559","22.0","29","996"
12/2/2021 10:18:44 AM,"559","22.0","29","996"
12/2/2021 10:23:44 AM,"559","21.9","29","996"
12/2/2021 10:28:44 AM,"587","21.9","30","997"
12/2/2021 10:33:44 AM,"582","21.9","30","997"
12/2/2021 10:38:44 AM,"569","21.8","30","997"
12/2/2021 10:43:44 AM,"573","21.8","30","997"
12/2/2021 10:48:44 AM,"550","21.8","30","997"
12/2/2021 10:53:44 AM,"584","21.8","30","997"
12/2/2021 10:58:44 AM,"605","21.8","30","997"
12/2/2021 11:03:44 AM,"605","21.8","30","997"
12/2/2021 11:08:44 AM,"600","21.8","30","997"
12/2/2021 11:13:44 AM,"604","21.8","30","997"
12/2/2021 11:18:44 AM,"600","21.8","30","997"
12/2/2021 11:23:44 AM,"636","21.8","30","997"
12/2/2021 11:28:44 AM,"687","21.8","30","997"
12/2/2021 11:33:44 AM,"668","21.7","30","997"
12/2/2021 11:38:44 AM,"661","21.8","30","997"
12/2/2021 11:43:44 AM,"669","21.7","30","997"
12/2/2021 11:48:44 AM,"657","21.7","30","997"
12/2/2021 11:53:44 AM,"670","21.8","30","997"
12/2/2021 11:58:44 AM,"665","21.8","30","997"
12/2/2021 12:03:44 PM,"679","21.8","30","997"
12/2/2021 12:08:44 PM,"683","21.7","30","997"
12/2/2021 12:13:44 PM,"700","21.8","30","997"
12/2/2021 12:18:44 PM,"733","21.8","30","997"
12/2/2021 12:23:44 PM,"730","21.8","30","997"
12/2/2021 12:28:44 PM,"721","21.8","30","997"
12/2/2021 12:33:44 PM,"712","21.8","30","997"
12/2/2021 12:38:44 PM,"703","21.8","30","997"
12/2/2021 12:43:44 PM,"768","21.8","30","997"
12/2/2021 12:48:44 PM,"705","21.7","30","997"
12/2/2021 12:53:44 PM,"597","20.6","30","997"
12/2/2021 12:58:44 PM,"538","19.7","30","997"
12/2/2021 1:03:44 PM,"576","19.6","31","997"
12/2/2021 1:08:44 PM,"643","20.2","31","997"
12/2/2021 1:13:44 PM,"681","20.8","31","997"
12/2/2021 1:18:44 PM,"689","21.2","30","997"
12/2/2021 1:23:44 PM,"704","21.4","30","997"
12/2/2021 1:28:44 PM,"719","21.6","30","997"
12/2/2021 1:33:44 PM,"705","21.8","30","997"
12/2/2021 1:38:44 PM,"703","22.0","30","997"
12/2/2021 1:43:44 PM,"719","22.1","30","998"
12/2/2021 1:48:44 PM,"714","22.1","30","998"
12/2/2021 1:53:44 PM,"750","22.2","30","998"
12/2/2021 1:58:44 PM,"686","22.1","29","998"
12/2/2021 2:03:44 PM,"586","21.0","29","998"
12/2/2021 2:08:44 PM,"540","20.0","30","998"
12/2/2021 2:13:44 PM,"603","20.2","30","998"
12/2/2021 2:18:44 PM,"625","20.8","30","998"
12/2/2021 2:23:44 PM,"647","21.2","30","998"
12/2/2021 2:28:44 PM,"692","21.5","30","998"
12/2/2021 2:33:44 PM,"686","21.7","30","999"
12/2/2021 2:38:44 PM,"727","21.9","30","999"
12/2/2021 2:43:44 PM,"809","22.0","30","998"
12/2/2021 2:48:44 PM,"780","22.1","30","998"
12/2/2021 2:53:44 PM,"785","22.2","30","998"
12/2/2021 2:58:44 PM,"808","22.2","30","998"
12/2/2021 3:03:44 PM,"842","22.2","30","998"
12/2/2021 3:08:44 PM,"817","22.1","30","998"
12/2/2021 3:13:44 PM,"805","22.1","30","999"
12/2/2021 3:18:44 PM,"809","22.1","30","999"
12/2/2021 3:23:44 PM,"791","22.0","30","999"
12/2/2021 3:28:44 PM,"783","22.0","30","999"
12/2/2021 3:33:44 PM,"777","22.0","30","999"
12/2/2021 3:38:44 PM,"420","19.2","29","999"
12/2/2021 3:43:44 PM,"557","18.4","33","999"
12/2/2021 3:48:44 PM,"537","19.9","31","999"
12/2/2021 3:53:44 PM,"549","20.8","30","999"
12/2/2021 3:58:44 PM,"635","21.3","30","999"
12/2/2021 4:03:44 PM,"662","21.6","30","999"
12/2/2021 4:08:44 PM,"695","21.9","30","999"
12/2/2021 4:13:44 PM,"683","22.0","30","1000"
12/2/2021 4:18:44 PM,"673","22.1","29","1000"
12/2/2021 4:23:44 PM,"675","22.2","29","1000"
12/2/2021 4:28:44 PM,"642","22.2","29","1000"
12/2/2021 4:33:44 PM,"612","22.2","29","1000"
12/2/2021 4:38:44 PM,"616","22.3","29","1000"
12/2/2021 4:43:44 PM,"615","22.2","29","1000"
12/2/2021 4:48:44 PM,"616","22.2","29","1000"
12/2/2021 4:53:44 PM,"608","22.1","29","1000"
12/2/2021 4:58:44 PM,"590","22.0","28","1000"
12/2/2021 5:03:44 PM,"611","22.0","29","1000"
12/2/2021 5:08:44 PM,"630","22.0","29","1001"
12/2/2021 5:13:44 PM,"624","21.9","29","1001"
12/2/2021 5:18:44 PM,"617","21.9","29","1001"
12/2/2021 5:23:44 PM,"597","21.8","29","1001"
12/2/2021 5:28:44 PM,"617","21.8","29","1001"
12/2/2021 5:33:44 PM,"609","21.8","29","1001"
12/2/2021 5:38:44 PM,"605","21.7","29","1001"
12/2/2021 5:43:44 PM,"608","21.8","29","1001"
12/2/2021 5:48:44 PM,"619","21.7","29","1001"
12/2/2021 5:53:44 PM,"626","21.6","29","1001"
12/2/2021 5:58:44 PM,"600","21.6","29","1001"
12/2/2021 6:03:44 PM,"600","21.6","29","1001"
12/2/2021 6:08:44 PM,"588","21.6","29","1002"
12/2/2021 6:13:44 PM,"575","21.5","29","1002"
12/2/2021 6:18:44 PM,"569","21.5","29","1002"
12/2/2021 6:23:44 PM,"552","21.5","29","1002"
12/2/2021 6:28:44 PM,"545","21.5","29","1002"
12/2/2021 6:33:44 PM,"526","21.5","29","1002"
12/2/2021 6:38:44 PM,"514","21.5","29","1002"
12/2/2021 6:43:44 PM,"511","21.5","28","1002"
12/2/2021 6:48:44 PM,"503","21.5","28","1002"
12/2/2021 6:53:44 PM,"491","21.6","28","1002"
12/2/2021 6:58:44 PM,"502","21.6","28","1002"
12/2/2021 7:03:44 PM,"495","21.6","28","1002"
12/2/2021 7:08:44 PM,"499","21.6","28","1002"
12/2/2021 7:13:44 PM,"486","21.6","28","1002"
12/2/2021 7:18:44 PM,"494","21.6","28","1002"
12/2/2021 7:23:44 PM,"488","21.6","28","1003"
12/2/2021 7:28:44 PM,"501","21.6","28","1003"
12/2/2021 7:33:44 PM,"504","21.7","28","1003"
12/2/2021 7:38:44 PM,"497","21.8","28","1003"
12/2/2021 7:43:44 PM,"491","21.8","28","1003"
12/2/2021 7:48:44 PM,"500","21.8","28","1003"
12/2/2021 7:53:44 PM,"492","21.9","28","1003"
12/2/2021 7:58:44 PM,"485","21.9","28","1003"
12/2/2021 8:03:44 PM,"469","21.9","28","1003"
12/2/2021 8:08:44 PM,"474","22.0","28","1003"
12/2/2021 8:13:44 PM,"460","22.0","28","1003"
12/2/2021 8:18:44 PM,"458","22.0","28","1003"
12/2/2021 8:23:44 PM,"456","22.1","27","1004"
12/2/2021 8:28:44 PM,"448","22.1","27","1004"
12/2/2021 8:33:44 PM,"449","22.3","27","1004"
12/2/2021 8:38:44 PM,"432","22.4","27","1004"
12/2/2021 8:43:44 PM,"432","22.4","27","1004"
12/2/2021 8:48:44 PM,"441","22.5","26","1004"
12/2/2021 8:53:44 PM,"446","22.5","26","1004"
12/2/2021 8:58:44 PM,"437","22.5","26","1004"
12/2/2021 9:03:44 PM,"427","22.5","26","1004"
12/2/2021 9:08:44 PM,"438","22.5","26","1004"
12/2/2021 9:13:44 PM,"433","22.5","26","1004"
12/2/2021 9:18:44 PM,"434","22.5","26","1004"
12/2/2021 9:23:44 PM,"428","22.5","26","1004"
12/2/2021 9:28:44 PM,"433","22.5","26","1004"
12/2/2021 9:33:44 PM,"424","22.5","26","1004"
12/2/2021 9:38:44 PM,"424","22.5","26","1004"
12/2/2021 9:43:44 PM,"432","22.5","26","1004"
12/2/2021 9:48:44 PM,"420","22.5","26","1004"
12/2/2021 9:53:44 PM,"435","22.5","26","1004"
12/2/2021 9:58:44 PM,"427","22.5","26","1004"
12/2/2021 10:03:44 PM,"438","22.5","26","1004"
12/2/2021 10:08:44 PM,"431","22.5","26","1004"
12/2/2021 10:13:44 PM,"436","22.4","27","1004"
12/2/2021 10:18:44 PM,"440","22.3","27","1004"
12/2/2021 10:23:44 PM,"438","22.2","27","1004"
12/2/2021 10:28:44 PM,"445","22.1","27","1004"
12/2/2021 10:33:44 PM,"432","22.0","27","1004"
12/2/2021 10:38:44 PM,"432","21.9","27","1004"
12/2/2021 10:43:44 PM,"422","21.9","27","1004"
12/2/2021 10:48:44 PM,"435","21.8","27","1004"
12/2/2021 10:53:44 PM,"426","21.8","28","1004"
12/2/2021 10:58:44 PM,"427","21.6","28","1004"
12/2/2021 11:03:44 PM,"439","21.6","28","1004"
12/2/2021 11:08:44 PM,"436","21.5","28","1004"
12/2/2021 11:13:44 PM,"436","21.5","28","1004"
12/2/2021 11:18:44 PM,"426","21.5","28","1004"
12/2/2021 11:23:44 PM,"426","21.5","28","1004"
12/2/2021 11:28:44 PM,"420","21.5","28","1004"
12/2/2021 11:33:44 PM,"430","21.4","28","1004"
12/2/2021 11:38:44 PM,"428","21.4","28","1004"
12/2/2021 11:43:44 PM,"430","21.4","28","1004"
12/2/2021 11:48:44 PM,"433","21.4","28","1004"
12/2/2021 11:53:44 PM,"430","21.2","28","1004"
12/2/2021 11:58:44 PM,"430","21.2","28","1004"
12/3/2021 12:03:44 AM,"425","21.2","28","1004"
12/3/2021 12:08:44 AM,"423","21.2","29","1004"
12/3/2021 12:13:44 AM,"425","21.2","29","1005"
12/3/2021 12:18:44 AM,"428","21.2","29","1005"
12/3/2021 12:23:44 AM,"419","21.1","29","1005"
12/3/2021 12:28:44 AM,"423","21.1","29","1005"
12/3/2021 12:33:44 AM,"425","21.1","29","1005"
12/3/2021 12:38:44 AM,"414","21.1","29","1005"
12/3/2021 12:43:44 AM,"431","21.1","29","1005"
12/3/2021 12:48:44 AM,"417","21.0","29","1005"
12/3/2021 12:53:44 AM,"431","21.0","29","1005"
12/3/2021 12:58:44 AM,"422","21.0","29","1005"
12/3/2021 1:03:44 AM,"427","21.0","29","1005"
12/3/2021 1:08:44 AM,"420","21.0","29","1005"
12/3/2021 1:13:44 AM,"425","21.0","29","1005"
12/3/2021 1:18:44 AM,"426","21.0","29","1005"
12/3/2021 1:23:44 AM,"414","21.0","29","1005"
12/3/2021 1:28:44 AM,"412","21.0","29","1005"
12/3/2021 1:33:44 AM,"417","21.0","29","1005"
12/3/2021 1:38:44 AM,"425","21.0","29","1004"
12/3/2021 1:43:44 AM,"423","21.0","29","1005"
12/3/2021 1:48:44 AM,"426","21.0","29","1005"
12/3/2021 1:53:44 AM,"426","21.0","29","1005"
12/3/2021 1:58:44 AM,"425","20.9","29","1005"
12/3/2021 2:03:44 AM,"416","21.0","29","1005"
12/3/2021 2:08:44 AM,"417","20.9","29","1005"
12/3/2021 2:13:44 AM,"431","20.9","29","1005"
12/3/2021 2:18:44 AM,"425","20.9","29","1005"
12/3/2021 2:23:44 AM,"418","20.9","29","1005"
12/3/2021 2:28:44 AM,"414","20.9","29","1005"
12/3/2021 2:33:44 AM,"420","20.9","29","1005"
12/3/2021 2:38:44 AM,"407","20.9","29","1005"
12/3/2021 2:43:44 AM,"414","20.9","29","1005"
12/3/2021 2:48:44 AM,"416","20.9","29","1005"
12/3/2021 2:53:44 AM,"416","20.9","29","1005"
12/3/2021 2:58:44 AM,"423","20.9","29","1005"
12/3/2021 3:03:44 AM,"408","20.8","29","1005"
12/3/2021 3:08:44 AM,"423","20.9","29","1005"
12/3/2021 3:13:44 AM,"410","20.9","29","1005"
12/3/2021 3:18:44 AM,"417","20.8","29","1005"
12/3/2021 3:23:44 AM,"407","20.8","29","1005"
12/3/2021 3:28:44 AM,"422","20.8","29","1005"
12/3/2021 3:33:44 AM,"413","20.8","29","1005"
12/3/2021 3:38:44 AM,"414","20.8","29","1005"
12/3/2021 3:43:44 AM,"413","20.8","29","1005"
12/3/2021 3:48:44 AM,"422","20.8","29","1005"
12/3/2021 3:53:44 AM,"404","20.8","29","1005"
12/3/2021 3:58:44 AM,"405","20.8","29","1005"
12/3/2021 4:03:44 AM,"409","20.8","29","1005"
12/3/2021 4:08:44 AM,"412","20.8","29","1005"
12/3/2021 4:13:44 AM,"413","20.8","29","1005"
12/3/2021 4:18:44 AM,"413","20.8","29","1005"
12/3/2021 4:23:44 AM,"406","20.7","29","1005"
12/3/2021 4:28:44 AM,"410","20.7","29","1005"
12/3/2021 4:33:44 AM,"414","20.7","29","1005"
12/3/2021 4:38:44 AM,"412","20.7","29","1005"
12/3/2021 4:43:44 AM,"410","20.7","29","1005"
12/3/2021 4:48:44 AM,"413","20.7","29","1005"
12/3/2021 4:53:44 AM,"416","20.7","29","1005"
12/3/2021 4:58:44 AM,"403","20.7","29","1004"
12/3/2021 5:03:44 AM,"411","20.7","30","1005"
12/3/2021 5:08:44 AM,"418","20.7","30","1005"
12/3/2021 5:13:44 AM,"411","20.7","29","1005"
12/3/2021 5:18:44 AM,"405","20.7","29","1004"
12/3/2021 5:23:44 AM,"415","20.6","29","1004"
12/3/2021 5:28:44 AM,"404","20.6","30","1004"
12/3/2021 5:33:44 AM,"400","20.6","30","1004"
12/3/2021 5:38:44 AM,"411","20.6","30","1004"
12/3/2021 5:43:44 AM,"408","20.6","30","1004"
12/3/2021 5:48:44 AM,"416","20.6","30","1004"
12/3/2021 5:53:44 AM,"403","20.6","30","1004"
12/3/2021 5:58:44 AM,"421","20.6","30","1004"
12/3/2021 6:03:44 AM,"403","20.7","29","1004"
12/3/2021 6:08:44 AM,"414","20.9","29","1004"
12/3/2021 6:13:44 AM,"418","21.0","29","1004"
12/3/2021 6:18:44 AM,"431","21.2","28","1004"
12/3/2021 6:23:44 AM,"439","21.5","27","1004"
12/3/2021 6:28:44 AM,"432","21.6","27","1004"
12/3/2021 6:33:44 AM,"441","21.9","26","1004"
12/3/2021 6:38:44 AM,"435","22.0","26","1004"
12/3/2021 6:43:44 AM,"432","22.0","26","1004"
12/3/2021 6:48:44 AM,"435","22.1","26","1004"
12/3/2021 6:53:44 AM,"439","22.2","25","1004"
12/3/2021 6:58:44 AM,"442","22.3","25","1004"
12/3/2021 7:03:44 AM,"438","22.4","25","1004"
12/3/2021 7:08:44 AM,"446","22.4","25","1004"
12/3/2021 7:13:44 AM,"449","22.5","25","1004"
12/3/2021 7:18:44 AM,"432","22.5","25","1004"
12/3/2021 7:23:44 AM,"432","22.5","25","1004"
12/3/2021 7:28:44 AM,"440","22.5","25","1004"
12/3/2021 7:33:44 AM,"431","22.5","25","1004"
12/3/2021 7:38:44 AM,"433","22.5","25","1004"
12/3/2021 7:43:44 AM,"441","22.5","25","1004"
12/3/2021 7:48:44 AM,"441","22.5","25","1004"
12/3/2021 7:53:44 AM,"445","22.5","25","1004"
12/3/2021 7:58:44 AM,"443","22.5","25","1004"
12/3/2021 8:03:44 AM,"437","22.5","25","1004"
12/3/2021 8:08:44 AM,"446","22.5","25","1004"
12/3/2021 8:13:44 AM,"442","22.5","25","1004"
12/3/2021 8:18:44 AM,"444","22.6","25","1004"
12/3/2021 8:23:44 AM,"433","22.7","24","1004"
12/3/2021 8:28:44 AM,"447","22.6","25","1004"
12/3/2021 8:33:44 AM,"446","22.6","25","1004"
12/3/2021 8:38:44 AM,"444","22.6","25","1004"
12/3/2021 8:43:44 AM,"455","22.6","25","1004"
12/3/2021 8:48:44 AM,"464","22.5","25","1004"
12/3/2021 8:53:44 AM,"463","22.6","25","1004"
12/3/2021 8:58:44 AM,"531","22.5","26","1004"
12/3/2021 9:03:44 AM,"566","22.5","26","1004"
12/3/2021 9:08:44 AM,"604","22.5","26","1004"
12/3/2021 9:13:44 AM,"637","22.5","26","1004"
12/3/2021 9:18:44 AM,"629","22.5","26","1004"
12/3/2021 9:23:44 AM,"617","22.4","27","1004"
12/3/2021 9:28:44 AM,"613","22.3","27","1004"
12/3/2021 9:33:44 AM,"600","22.2","27","1004"
12/3/2021 9:38:44 AM,"613","22.2","27","1004"
12/3/2021 9:43:44 AM,"624","22.1","27","1004"
12/3/2021 9:48:44 AM,"619","22.1","27","1003"
12/3/2021 9:53:44 AM,"646","22.0","27","1003"
12/3/2021 9:58:44 AM,"640","22.0","27","1003"
12/3/2021 10:03:44 AM,"646","22.0","27","1003"
12/3/2021 10:08:44 AM,"636","22.0","27","1003"
12/3/2021 10:13:44 AM,"639","22.0","27","1003"
12/3/2021 10:18:44 AM,"650","22.0","27","1003"
12/3/2021 10:23:44 AM,"639","21.8","27","1003"
12/3/2021 10:28:44 AM,"614","21.5","27","1003"
12/3/2021 10:33:44 AM,"619","21.5","27","1003"
12/3/2021 10:38:44 AM,"624","21.5","27","1003"
12/3/2021 10:43:44 AM,"624","21.6","27","1003"
12/3/2021 10:48:44 AM,"658","21.8","27","1003"
12/3/2021 10:53:44 AM,"652","21.8","27","1003"
12/3/2021 10:58:44 AM,"653","21.8","27","1003"
12/3/2021 11:03:44 AM,"653","21.8","28","1003"
12/3/2021 11:08:44 AM,"672","21.8","28","1002"
12/3/2021 11:13:44 AM,"687","21.9","28","1002"
12/3/2021 11:18:44 AM,"700","21.9","28","1002"
12/3/2021 11:23:44 AM,"697","21.9","28","1002"
12/3/2021 11:28:44 AM,"717","21.9","28","1002"
12/3/2021 11:33:44 AM,"704","22.0","28","1002"
12/3/2021 11:38:44 AM,"712","22.0","28","1002"
12/3/2021 11:43:44 AM,"719","22.0","28","1002"
12/3/2021 11:48:44 AM,"718","22.0","28","1002"
12/3/2021 11:53:44 AM,"706","22.0","28","1002"
12/3/2021 11:58:44 AM,"741","22.0","28","1002"
12/3/2021 12:03:44 PM,"754","22.0","28","1002"
12/3/2021 12:08:44 PM,"755","22.0","28","1002"
12/3/2021 12:13:44 PM,"734","22.0","28","1002"
12/3/2021 12:18:44 PM,"715","22.0","28","1002"
12/3/2021 12:23:44 PM,"708","22.0","28","1001"
12/3/2021 12:28:44 PM,"690","21.9","28","1001"
12/3/2021 12:33:44 PM,"673","21.9","28","1001"
12/3/2021 12:38:44 PM,"671","21.9","28","1001"
12/3/2021 12:43:44 PM,"647","21.9","28","1001"
12/3/2021 12:48:44 PM,"646","21.8","28","1001"
12/3/2021 12:53:44 PM,"608","21.8","28","1001"
12/3/2021 12:58:44 PM,"612","21.8","28","1001"
12/3/2021 1:03:44 PM,"612","21.8","28","1000"
12/3/2021 1:08:44 PM,"615","21.7","28","1000"
12/3/2021 1:13:44 PM,"620","21.8","28","1000"
12/3/2021 1:18:44 PM,"626","21.8","28","1000"
12/3/2021 1:23:44 PM,"638","21.7","28","1000"
12/3/2021 1:28:44 PM,"645","21.8","28","1000"
12/3/2021 1:33:44 PM,"646","21.8","28","1000"
12/3/2021 1:38:44 PM,"650","21.7","28","1000"
12/3/2021 1:43:44 PM,"673","21.8","28","1000"
12/3/2021 1:48:44 PM,"681","21.8","28","1000"
12/3/2021 1:53:44 PM,"699","21.8","28","1000"
12/3/2021 1:58:44 PM,"718","21.8","28","1000"
12/3/2021 2:03:44 PM,"726","21.8","28","1000"
12/3/2021 2:08:44 PM,"730","21.7","28","1000"
12/3/2021 2:13:44 PM,"711","21.7","28","1000"
12/3/2021 2:18:44 PM,"711","21.6","28","999"
12/3/2021 2:23:44 PM,"678","21.6","28","999"
12/3/2021 2:28:44 PM,"676","21.6","28","999"
12/3/2021 2:33:44 PM,"661","21.7","28","999"
12/3/2021 2:38:44 PM,"648","21.6","28","999"
12/3/2021 2:43:44 PM,"660","21.6","28","999"
12/3/2021 2:48:44 PM,"683","21.6","28","999"
12/3/2021 2:53:44 PM,"705","21.6","28","999"
12/3/2021 2:58:44 PM,"719","21.6","28","999"
12/3/2021 3:03:44 PM,"707","21.6","28","999"
12/3/2021 3:08:44 PM,"696","21.6","28","999"
12/3/2021 3:13:44 PM,"673","21.6","28","999"
12/3/2021 3:18:44 PM,"646","21.6","28","999"
12/3/2021 3:23:44 PM,"643","21.6","28","999"
12/3/2021 3:28:44 PM,"639","21.5","28","999"
12/3/2021 3:33:44 PM,"634","21.5","28","999"
12/3/2021 3:38:44 PM,"625","21.6","28","999"
12/3/2021 3:43:44 PM,"640","21.6","28","999"
12/3/2021 3:48:44 PM,"654","21.6","28","999"
12/3/2021 3:53:44 PM,"656","21.6","28","999"
12/3/2021 3:58:44 PM,"651","21.6","28","999"
12/3/2021 4:03:44 PM,"641","22.0","31","998"
12/3/2021 4:08:44 PM,"647","23.5","30","998"
12/3/2021 4:13:44 PM,"639","24.5","30","998"
12/3/2021 4:18:44 PM,"675","24.0","27","998"
12/3/2021 4:23:44 PM,"687","23.1","29","998"
12/3/2021 4:28:44 PM,"679","22.6","30","1006"
12/3/2021 4:33:44 PM,"625","22.2","28","1006"
12/3/2021 4:38:44 PM,"597","21.5","27","1006"
12/3/2021 4:43:44 PM,"890","21.6","32","1006"
12/3/2021 4:48:44 PM,"1217","22.4","33","1007"
12/3/2021 4:53:44 PM,"1241","23.0","33","1008"
12/3/2021 4:58:44 PM,"1145","23.4","33","1008"
12/3/2021 5:03:44 PM,"1076","23.6","32","1008"
12/3/2021 5:08:44 PM,"1091","23.8","32","1007"
12/3/2021 5:13:44 PM,"925","23.7","31","1007"
12/3/2021 5:18:44 PM,"911","23.6","31","1007"
12/3/2021 5:23:44 PM,"824","23.6","31","1007"
12/3/2021 5:28:44 PM,"722","23.2","30","1006"
12/3/2021 5:33:44 PM,"659","23.1","30","1008"
12/3/2021 5:38:44 PM,"688","23.1","32","1007"
12/3/2021 5:43:44 PM,"688","23.0","31","1007"
12/3/2021 5:48:44 PM,"664","22.3","31","1007"
12/3/2021 5:53:44 PM,"642","21.5","30","1007"
12/3/2021 5:58:44 PM,"621","20.9","30","1006"
12/3/2021 6:03:44 PM,"618","20.2","30","1006"
12/3/2021 6:08:44 PM,"584","20.1","34","1006"
12/3/2021 6:13:44 PM,"540","20.4","34","1006"
12/3/2021 6:18:44 PM,"528","20.4","35","1006"
12/3/2021 6:23:44 PM,"508","20.4","35","1006"
12/3/2021 6:28:44 PM,"503","20.3","35","1006"
12/3/2021 6:33:44 PM,"524","20.2","35","1006"
12/3/2021 6:38:44 PM,"512","20.2","35","1006"
12/3/2021 6:43:44 PM,"511","20.2","35","1006"
12/3/2021 6:48:44 PM,"509","20.2","36","1006"
12/3/2021 6:53:44 PM,"500","20.2","36","1006"
12/3/2021 6:58:44 PM,"490","20.2","36","1005"
12/3/2021 7:03:44 PM,"500","20.2","36","1005"
12/3/2021 7:08:44 PM,"487","20.2","36","1005"
12/3/2021 7:13:44 PM,"487","20.2","36","1005"
12/3/2021 7:18:44 PM,"512","20.2","36","1005"
12/3/2021 7:23:44 PM,"511","20.4","36","1006"
12/3/2021 7:28:44 PM,"522","20.4","36","1005"
12/3/2021 7:33:44 PM,"550","20.4","37","1005"
12/3/2021 7:38:44 PM,"561","20.4","37","1005"
12/3/2021 7:43:44 PM,"580","20.4","37","1005"
12/3/2021 7:48:44 PM,"589","20.5","37","1005"
12/3/2021 7:53:44 PM,"598","20.5","37","1005"
12/3/2021 7:58:44 PM,"618","20.5","38","1005"
12/3/2021 8:03:44 PM,"619","20.5","38","1005"
12/3/2021 8:08:44 PM,"641","20.5","38","1005"
12/3/2021 8:13:44 PM,"641","20.5","38","1005"
12/3/2021 8:18:44 PM,"649","20.6","38","1005"
12/3/2021 8:23:44 PM,"675","20.6","38","1005"
12/3/2021 8:28:44 PM,"691","20.6","38","1005"
12/3/2021 8:33:44 PM,"686","20.6","38","1005"
12/3/2021 8:38:44 PM,"697","20.7","38","1005"
12/3/2021 8:43:44 PM,"716","20.7","38","1005"
12/3/2021 8:48:44 PM,"718","20.8","38","1005"
12/3/2021 8:53:44 PM,"726","20.7","38","1005"
12/3/2021 8:58:44 PM,"697","20.7","38","1005"
12/3/2021 9:03:44 PM,"660","20.6","38","1004"
12/3/2021 9:08:44 PM,"652","20.6","38","1004"
12/3/2021 9:13:44 PM,"656","20.6","38","1005"
12/3/2021 9:18:44 PM,"673","20.6","38","1005"
12/3/2021 9:23:44 PM,"644","20.5","38","1004"
12/3/2021 9:28:44 PM,"636","20.5","38","1004"
12/3/2021 9:33:44 PM,"655","20.5","38","1004"
12/3/2021 9:38:44 PM,"640","20.4","38","1004"
12/3/2021 9:43:44 PM,"639","20.2","39","1004"
12/3/2021 9:48:44 PM,"645","20.2","39","1004"
12/3/2021 9:53:44 PM,"648","20.1","39","1004"
12/3/2021 9:58:44 PM,"651","20.0","39","1004"
12/3/2021 10:03:44 PM,"654","20.0","39","1004"
12/3/2021 10:08:44 PM,"646","19.9","39","1004"
12/3/2021 10:13:44 PM,"654","19.9","39","1004"
12/3/2021 10:18:44 PM,"646","19.8","39","1004"
12/3/2021 10:23:44 PM,"655","19.8","39","1004"
12/3/2021 10:28:44 PM,"648","19.7","40","1004"
12/3/2021 10:33:44 PM,"647","19.6","40","1004"
12/3/2021 10:38:44 PM,"653","19.6","40","1004"
12/3/2021 10:43:44 PM,"654","19.6","40","1004"
12/3/2021 10:48:44 PM,"655","19.5","40","1004"
12/3/2021 10:53:44 PM,"657","19.5","40","1004"
12/3/2021 10:58:44 PM,"664","19.4","40","1004"
12/3/2021 11:03:44 PM,"658","19.4","40","1004"
12/3/2021 11:08:44 PM,"636","19.4","40","1004"
12/3/2021 11:13:44 PM,"645","19.3","40","1004"
12/3/2021 11:18:44 PM,"651","19.2","41","1004"
12/3/2021 11:23:44 PM,"617","19.3","43","1004"
12/3/2021 11:28:44 PM,"511","18.0","39","1003"
12/3/2021 11:33:44 PM,"548","16.3","41","1003"
12/3/2021 11:38:44 PM,"591","15.4","43","1003"
12/3/2021 11:43:44 PM,"606","14.7","44","1003"
12/3/2021 11:48:44 PM,"637","14.3","45","1003"
12/3/2021 11:53:44 PM,"679","13.9","46","1003"
12/3/2021 11:58:44 PM,"692","13.7","46","1003"
12/4/2021 12:03:44 AM,"720","13.5","47","1003"
12/4/2021 12:08:44 AM,"745","13.4","48","1003"
12/4/2021 12:13:44 AM,"780","13.2","49","1003"
12/4/2021 12:18:44 AM,"802","13.1","49","1003"
12/4/2021 12:23:44 AM,"825","13.1","49","1003"
12/4/2021 12:28:44 AM,"848","12.9","50","1003"
12/4/2021 12:33:44 AM,"860","12.9","50","1002"
12/4/2021 12:38:44 AM,"891","12.9","50","1002"
12/4/2021 12:43:44 AM,"913","12.9","51","1002"
12/4/2021 12:48:44 AM,"934","12.9","51","1002"
12/4/2021 12:53:44 AM,"956","12.8","51","1002"
12/4/2021 12:58:44 AM,"974","12.8","52","1002"
12/4/2021 1:03:44 AM,"999","12.8","52","1002"
12/4/2021 1:08:44 AM,"1006","12.8","52","1002"
12/4/2021 1:13:44 AM,"1023","12.8","52","1002"
12/4/2021 1:18:44 AM,"1047","12.8","52","1002"
12/4/2021 1:23:44 AM,"1064","12.8","53","1002"
12/4/2021 1:28:44 AM,"1085","12.8","53","1002"
12/4/2021 1:33:44 AM,"1108","12.8","53","1002"
12/4/2021 1:38:44 AM,"1130","12.8","53","1001"
12/4/2021 1:43:44 AM,"1128","12.8","53","1002"
12/4/2021 1:48:44 AM,"1157","12.8","54","1001"
12/4/2021 1:53:44 AM,"1196","12.9","54","1001"
12/4/2021 1:58:44 AM,"1196","12.8","54","1001"
12/4/2021 2:03:44 AM,"1226","12.9","54","1001"
12/4/2021 2:08:44 AM,"1237","12.9","54","1001"
12/4/2021 2:13:44 AM,"1261","12.9","55","1001"
12/4/2021 2:18:44 AM,"1268","12.9","55","1001"
12/4/2021 2:23:44 AM,"1283","12.9","55","1002"
12/4/2021 2:28:44 AM,"1307","12.9","55","1002"
12/4/2021 2:33:44 AM,"1319","12.9","55","1002"
12/4/2021 2:38:44 AM,"1323","12.9","55","1001"
12/4/2021 2:43:44 AM,"1352","12.9","55","1001"
12/4/2021 2:48:44 AM,"1373","12.9","56","1001"
12/4/2021 2:53:44 AM,"1386","12.9","56","1001"
12/4/2021 2:58:44 AM,"1422","12.9","56","1001"
12/4/2021 3:03:44 AM,"1439","12.9","56","1001"
12/4/2021 3:08:44 AM,"1432","12.9","56","1001"
12/4/2021 3:13:44 AM,"1447","12.9","56","1001"
12/4/2021 3:18:44 AM,"1480","13.0","57","1001"
12/4/2021 3:23:44 AM,"1492","13.0","57","1001"
12/4/2021 3:28:44 AM,"1478","13.1","57","1001"
12/4/2021 3:33:44 AM,"1521","13.1","57","1001"
12/4/2021 3:38:44 AM,"1518","13.1","57","1001"
12/4/2021 3:43:44 AM,"1528","13.1","58","1001"
12/4/2021 3:48:44 AM,"1545","13.1","58","1001"
12/4/2021 3:53:44 AM,"1553","13.1","58","1001"
12/4/2021 3:58:44 AM,"1564","13.1","58","1001"
12/4/2021 4:03:44 AM,"1573","13.1","58","1000"
12/4/2021 4:08:44 AM,"1586","13.1","58","1000"
12/4/2021 4:13:44 AM,"1614","13.1","58","1000"
12/4/2021 4:18:44 AM,"1623","13.1","58","1000"
12/4/2021 4:23:44 AM,"1617","13.1","58","1000"
12/4/2021 4:28:44 AM,"1622","13.1","58","1000"
12/4/2021 4:33:44 AM,"1631","13.1","58","1000"
12/4/2021 4:38:44 AM,"1636","13.1","58","1000"
12/4/2021 4:43:44 AM,"1645","13.1","58","1000"
12/4/2021 4:48:44 AM,"1664","13.1","59","1000"
12/4/2021 4:53:44 AM,"1672","13.1","58","1000"
12/4/2021 4:58:44 AM,"1680","13.1","59","1000"
12/4/2021 5:03:44 AM,"1703","13.1","59","1000"
12/4/2021 5:08:44 AM,"1701","13.1","59","1000"
12/4/2021 5:13:44 AM,"1726","13.2","59","1000"
12/4/2021 5:18:44 AM,"1727","13.2","59","1000"
12/4/2021 5:23:44 AM,"1727","13.2","59","1000"
12/4/2021 5:28:44 AM,"1744","13.2","59","1000"
12/4/2021 5:33:44 AM,"1764","13.2","59","1000"
12/4/2021 5:38:44 AM,"1768","13.2","59","1000"
12/4/2021 5:43:44 AM,"1767","13.2","59","1000"
12/4/2021 5:48:44 AM,"1771","13.2","59","1000"
12/4/2021 5:53:44 AM,"1791","13.2","60","1000"
12/4/2021 5:58:44 AM,"1796","13.2","59","1000"
12/4/2021 6:03:44 AM,"1799","13.2","59","1000"
12/4/2021 6:08:44 AM,"1810","13.2","60","1000"
12/4/2021 6:13:44 AM,"1817","13.2","60","1000"
12/4/2021 6:18:44 AM,"1822","13.2","60","1000"
12/4/2021 6:23:44 AM,"1828","13.2","60","1000"
12/4/2021 6:28:44 AM,"1846","13.3","60","1000"
12/4/2021 6:33:44 AM,"1846","13.3","60","1000"
12/4/2021 6:38:44 AM,"1846","13.3","60","1000"
12/4/2021 6:43:44 AM,"1866","13.3","60","1000"
12/4/2021 6:48:44 AM,"1844","13.2","60","1000"
12/4/2021 6:53:44 AM,"1849","13.3","60","1000"
12/4/2021 6:58:44 AM,"1866","13.3","60","1000"
12/4/2021 7:03:44 AM,"1868","13.2","60","1000"
12/4/2021 7:08:44 AM,"1862","13.3","60","1000"
12/4/2021 7:13:44 AM,"1879","13.3","60","1000"
12/4/2021 7:18:44 AM,"1891","13.3","60","1000"
12/4/2021 7:23:44 AM,"1925","13.4","60","1000"
12/4/2021 7:28:44 AM,"1908","13.3","60","1000"
12/4/2021 7:33:44 AM,"1937","13.4","60","1000"
12/4/2021 7:38:44 AM,"1951","13.4","60","1000"
12/4/2021 7:43:44 AM,"1955","13.4","60","1000"
12/4/2021 7:48:44 AM,"1975","13.4","60","1000"
12/4/2021 7:53:44 AM,"1955","13.4","60","1000"
12/4/2021 7:58:44 AM,"2008","13.4","60","1000"
12/4/2021 8:03:44 AM,"1995","13.4","60","1000"
12/4/2021 8:08:44 AM,"2008","13.4","60","999"
12/4/2021 8:13:44 AM,"2012","13.4","60","999"
12/4/2021 8:18:44 AM,"2009","13.4","60","999"
12/4/2021 8:23:44 AM,"2015","13.4","60","999"
12/4/2021 8:28:44 AM,"2026","13.4","60","999"
12/4/2021 8:33:44 AM,"2023","13.4","60","999"
12/4/2021 8:38:44 AM,"2055","13.4","61","999"
12/4/2021 8:43:44 AM,"2056","13.4","61","999"
12/4/2021 8:48:44 AM,"2047","13.4","61","999"
12/4/2021 8:53:44 AM,"2050","13.4","61","999"
12/4/2021 8:58:44 AM,"2058","13.4","61","999"
12/4/2021 9:03:44 AM,"2101","13.4","61","999"
12/4/2021 9:08:44 AM,"2017","13.4","61","999"
12/4/2021 9:13:44 AM,"1685","13.4","60","999"
12/4/2021 9:18:44 AM,"1318","13.3","59","999"
12/4/2021 9:23:44 AM,"1074","13.2","58","999"
12/4/2021 9:28:44 AM,"915","13.1","58","999"
12/4/2021 9:33:44 AM,"803","13.1","57","999"
12/4/2021 9:38:44 AM,"677","13.1","57","999"
12/4/2021 9:43:44 AM,"639","13.1","57","999"
12/4/2021 9:48:44 AM,"608","13.0","56","999"
12/4/2021 9:53:44 AM,"611","13.0","56","999"
12/4/2021 9:58:44 AM,"622","13.1","56","999"
12/4/2021 10:03:44 AM,"649","13.1","56","998"
12/4/2021 10:08:44 AM,"708","13.3","56","998"
12/4/2021 10:13:44 AM,"700","13.4","56","998"
12/4/2021 10:18:44 AM,"568","14.4","56","998"
12/4/2021 10:23:44 AM,"563","15.4","54","998"
12/4/2021 10:28:44 AM,"566","15.9","52","998"
12/4/2021 10:33:44 AM,"554","16.2","51","998"
12/4/2021 10:38:44 AM,"544","16.5","50","999"
12/4/2021 10:43:44 AM,"550","16.7","50","999"
12/4/2021 10:48:44 AM,"548","16.8","49","998"
12/4/2021 10:53:44 AM,"540","16.9","49","998"
12/4/2021 10:58:44 AM,"537","17.0","48","999"
12/4/2021 11:03:44 AM,"540","17.0","48","999"
12/4/2021 11:08:44 AM,"532","17.1","48","998"
12/4/2021 11:13:44 AM,"550","17.1","47","998"
12/4/2021 11:18:44 AM,"518","17.0","47","999"
12/4/2021 11:23:44 AM,"500","17.0","47","998"
12/4/2021 11:28:44 AM,"486","16.9","47","998"
12/4/2021 11:33:44 AM,"491","16.9","47","998"
12/4/2021 11:38:44 AM,"503","16.9","46","999"
12/4/2021 11:43:44 AM,"519","16.9","47","999"
12/4/2021 11:48:44 AM,"522","16.9","46","999"
12/4/2021 11:53:44 AM,"518","17.0","46","999"
12/4/2021 11:58:44 AM,"527","17.0","46","998"
12/4/2021 12:03:44 PM,"519","17.0","46","999"
12/4/2021 12:08:44 PM,"515","17.0","46","999"
12/4/2021 12:13:44 PM,"522","17.0","46","999"
12/4/2021 12:18:44 PM,"518","17.0","46","998"
12/4/2021 12:23:44 PM,"512","17.0","46","998"
12/4/2021 12:28:44 PM,"511","17.0","46","998"
12/4/2021 12:33:44 PM,"519","17.0","46","998"
12/4/2021 12:38:44 PM,"509","17.0","46","998"
12/4/2021 12:43:44 PM,"509","17.0","45","998"
12/4/2021 12:48:44 PM,"508","17.0","45","998"
12/4/2021 12:53:44 PM,"506","17.0","45","998"
12/4/2021 12:58:44 PM,"498","17.0","45","998"
12/4/2021 1:03:44 PM,"501","17.0","45","998"
12/4/2021 1:08:44 PM,"501","17.0","45","998"
12/4/2021 1:13:44 PM,"498","16.9","45","998"
12/4/2021 1:18:44 PM,"508","16.9","45","998"
12/4/2021 1:23:44 PM,"501","16.9","45","998"
12/4/2021 1:28:44 PM,"506","16.9","45","998"
12/4/2021 1:33:44 PM,"499","16.9","45","998"
12/4/2021 1:38:44 PM,"491","16.9","45","998"
12/4/2021 1:43:44 PM,"502","16.9","45","998"
12/4/2021 1:48:44 PM,"487","16.9","45","998"
12/4/2021 1:53:44 PM,"482","16.9","45","998"
12/4/2021 1:58:44 PM,"495","16.9","45","998"
12/4/2021 2:03:44 PM,"484","16.9","45","998"
12/4/2021 2:08:44 PM,"483","16.9","45","998"
12/4/2021 2:13:44 PM,"491","16.8","45","998"
12/4/2021 2:18:44 PM,"491","16.8","45","998"
12/4/2021 2:23:44 PM,"479","16.8","45","998"
12/4/2021 2:28:44 PM,"478","16.8","45","999"
12/4/2021 2:33:44 PM,"482","16.8","45","999"
12/4/2021 2:38:44 PM,"484","16.8","45","999"
12/4/2021 2:43:44 PM,"480","16.8","45","999"
12/4/2021 2:48:44 PM,"473","16.8","45","999"
12/4/2021 2:53:44 PM,"472","16.7","45","999"
12/4/2021 2:58:44 PM,"474","16.8","45","999"
12/4/2021 3:03:44 PM,"475","16.7","45","999"
12/4/2021 3:08:44 PM,"468","16.7","45","999"
12/4/2021 3:13:44 PM,"467","16.7","45","999"
12/4/2021 3:18:44 PM,"479","16.7","45","999"
12/4/2021 3:23:44 PM,"476","16.7","45","999"
12/4/2021 3:28:44 PM,"457","16.7","45","999"
12/4/2021 3:33:44 PM,"464","16.6","45","999"
12/4/2021 3:38:44 PM,"459","16.6","45","999"
12/4/2021 3:43:44 PM,"460","16.6","45","999"
12/4/2021 3:48:44 PM,"466","16.6","45","999"
12/4/2021 3:53:44 PM,"461","16.6","45","1000"
12/4/2021 3:58:44 PM,"454","16.6","45","1000"
12/4/2021 4:03:44 PM,"458","16.6","45","1000"
12/4/2021 4:08:44 PM,"463","16.5","45","1000"
12/4/2021 4:13:44 PM,"453","16.5","45","1000"
12/4/2021 4:18:44 PM,"469","16.5","45","1000"
12/4/2021 4:23:44 PM,"485","16.6","45","1000"
12/4/2021 4:28:44 PM,"494","16.6","45","1000"
12/4/2021 4:33:44 PM,"497","16.6","45","1000"
12/4/2021 4:38:44 PM,"499","16.6","45","1000"
12/4/2021 4:43:44 PM,"505","16.6","45","1000"
12/4/2021 4:48:44 PM,"505","16.6","45","1000"
12/4/2021 4:53:44 PM,"519","16.7","45","1001"
12/4/2021 4:58:44 PM,"539","16.8","45","1001"
12/4/2021 5:03:44 PM,"538","16.8","45","1001"
12/4/2021 5:08:44 PM,"533","16.8","45","1001"
12/4/2021 5:13:44 PM,"543","16.8","45","1001"
12/4/2021 5:18:44 PM,"541","16.9","45","1001"
12/4/2021 5:23:44 PM,"562","16.8","45","1001"
12/4/2021 5:28:44 PM,"575","16.9","45","1001"
12/4/2021 5:33:44 PM,"574","17.0","45","1001"
12/4/2021 5:38:44 PM,"567","17.3","45","1001"
12/4/2021 5:43:44 PM,"580","17.5","45","1001"
12/4/2021 5:48:44 PM,"582","17.8","44","1001"
12/4/2021 5:53:44 PM,"600","18.0","44","1001"
12/4/2021 5:58:44 PM,"613","18.2","44","1001"
12/4/2021 6:03:44 PM,"617","18.3","43","1001"
12/4/2021 6:08:44 PM,"614","18.4","43","1001"
12/4/2021 6:13:44 PM,"619","18.5","43","1001"
12/4/2021 6:18:44 PM,"608","18.5","43","1001"
12/4/2021 6:23:44 PM,"607","18.7","43","1001"
12/4/2021 6:28:44 PM,"627","18.8","43","1001"
12/4/2021 6:33:44 PM,"652","18.9","43","1001"
12/4/2021 6:38:44 PM,"653","19.0","43","1001"
12/4/2021 6:43:44 PM,"659","19.0","43","1001"
12/4/2021 6:48:44 PM,"671","19.0","43","1001"
12/4/2021 6:53:44 PM,"689","19.1","43","1001"
12/4/2021 6:58:44 PM,"680","19.2","43","1001"
12/4/2021 7:03:44 PM,"696","19.2","43","1001"
12/4/2021 7:08:44 PM,"685","19.3","43","1001"
12/4/2021 7:13:44 PM,"697","19.3","43","1001"
12/4/2021 7:18:44 PM,"705","19.4","43","1001"
12/4/2021 7:23:44 PM,"726","19.5","43","1001"
12/4/2021 7:28:44 PM,"728","19.5","43","1001"
12/4/2021 7:33:44 PM,"727","19.5","43","1001"
12/4/2021 7:38:44 PM,"750","19.5","43","1001"
12/4/2021 7:43:44 PM,"749","19.6","43","1001"
12/4/2021 7:48:44 PM,"754","19.6","43","1001"
12/4/2021 7:53:44 PM,"760","19.6","43","1001"
12/4/2021 7:58:44 PM,"769","19.7","43","1001"
12/4/2021 8:03:44 PM,"782","19.8","43","1001"
12/4/2021 8:08:44 PM,"767","19.8","43","1001"
12/4/2021 8:13:44 PM,"787","19.8","43","1001"
12/4/2021 8:18:44 PM,"797","19.9","43","1001"
12/4/2021 8:23:44 PM,"795","19.9","43","1001"
12/4/2021 8:28:44 PM,"791","19.9","43","1001"
12/4/2021 8:33:44 PM,"792","20.0","43","1002"
12/4/2021 8:38:44 PM,"806","20.0","43","1002"
12/4/2021 8:43:44 PM,"817","20.0","43","1002"
12/4/2021 8:48:44 PM,"823","20.0","43","1002"
12/4/2021 8:53:44 PM,"825","20.0","43","1002"
12/4/2021 8:58:44 PM,"802","20.0","43","1002"
12/4/2021 9:03:44 PM,"803","20.1","43","1002"
12/4/2021 9:08:44 PM,"587","19.0","43","1001"
12/4/2021 9:13:44 PM,"591","17.8","44","1001"
12/4/2021 9:18:44 PM,"592","17.1","45","1001"
12/4/2021 9:23:44 PM,"591","16.7","46","1001"
12/4/2021 9:28:44 PM,"595","16.4","47","1001"
12/4/2021 9:33:44 PM,"588","16.1","48","1001"
12/4/2021 9:38:44 PM,"600","15.9","48","1001"
12/4/2021 9:43:44 PM,"583","15.7","49","1001"
12/4/2021 9:48:44 PM,"590","15.6","49","1001"
12/4/2021 9:53:44 PM,"580","15.4","49","1001"
12/4/2021 9:58:44 PM,"593","15.4","50","1001"
12/4/2021 10:03:44 PM,"587","15.2","50","1001"
12/4/2021 10:08:44 PM,"587","15.2","50","1001"
12/4/2021 10:13:44 PM,"590","15.1","50","1001"
12/4/2021 10:18:44 PM,"583","15.1","51","1001"
12/4/2021 10:23:44 PM,"586","15.0","51","1001"
12/4/2021 10:28:44 PM,"582","14.9","51","1001"
12/4/2021 10:33:44 PM,"579","14.9","51","1001"
12/4/2021 10:38:44 PM,"577","14.9","51","1001"
12/4/2021 10:43:44 PM,"564","14.8","51","1001"
12/4/2021 10:48:44 PM,"578","14.8","51","1001"
12/4/2021 10:53:44 PM,"573","14.7","51","1001"
12/4/2021 10:58:44 PM,"575","14.6","52","1001"
12/4/2021 11:03:44 PM,"562","14.6","52","1001"
12/4/2021 11:08:44 PM,"579","14.6","52","1001"
12/4/2021 11:13:44 PM,"577","14.6","52","1001"
12/4/2021 11:18:44 PM,"573","14.6","52","1001"
12/4/2021 11:23:44 PM,"563","14.5","52","1001"
12/4/2021 11:28:44 PM,"575","14.5","52","1001"
12/4/2021 11:33:44 PM,"560","14.4","52","1001"
12/4/2021 11:38:44 PM,"563","14.4","52","1001"
12/4/2021 11:43:44 PM,"566","14.4","52","1001"
12/4/2021 11:48:44 PM,"557","14.4","52","1001"
12/4/2021 11:53:44 PM,"547","14.4","52","1001"
12/4/2021 11:58:44 PM,"564","14.4","52","1001"
12/5/2021 12:03:44 AM,"577","14.4","52","1001"
12/5/2021 12:08:44 AM,"674","14.4","52","1001"
12/5/2021 12:13:44 AM,"699","14.4","52","1001"
12/5/2021 12:18:44 AM,"700","14.3","52","1001"
12/5/2021 12:23:44 AM,"739","14.3","52","1001"
12/5/2021 12:28:44 AM,"725","14.3","52","1001"
12/5/2021 12:33:44 AM,"728","14.2","52","1001"
12/5/2021 12:38:44 AM,"729","14.2","52","1001"
12/5/2021 12:43:44 AM,"714","14.2","52","1001"
12/5/2021 12:48:44 AM,"724","14.1","52","1001"
12/5/2021 12:53:44 AM,"732","14.1","52","1001"
12/5/2021 12:58:44 AM,"719","14.1","52","1001"
12/5/2021 1:03:44 AM,"730","14.1","52","1001"
12/5/2021 1:08:44 AM,"740","14.1","52","1001"
12/5/2021 1:13:44 AM,"728","14.1","51","1001"
12/5/2021 1:18:44 AM,"750","14.0","51","1001"
12/5/2021 1:23:44 AM,"750","14.0","51","1001"
12/5/2021 1:28:44 AM,"736","14.0","51","1001"
12/5/2021 1:33:44 AM,"731","14.0","52","1001"
12/5/2021 1:38:44 AM,"757","13.9","52","1001"
12/5/2021 1:43:44 AM,"755","13.9","52","1000"
12/5/2021 1:48:44 AM,"752","13.9","52","1001"
12/5/2021 1:53:44 AM,"759","13.9","52","1001"
12/5/2021 1:58:44 AM,"751","13.9","52","1001"
12/5/2021 2:03:44 AM,"747","13.9","52","1001"
12/5/2021 2:08:44 AM,"756","13.9","52","1001"
12/5/2021 2:13:44 AM,"760","13.9","52","1001"
12/5/2021 2:18:44 AM,"769","13.9","52","1001"
12/5/2021 2:23:44 AM,"769","13.9","52","1001"
12/5/2021 2:28:44 AM,"761","13.9","52","1001"
12/5/2021 2:33:44 AM,"754","13.9","52","1001"
12/5/2021 2:38:44 AM,"748","13.9","52","1001"
12/5/2021 2:43:44 AM,"740","13.8","52","1000"
12/5/2021 2:48:44 AM,"739","13.8","52","1001"
12/5/2021 2:53:44 AM,"747","13.8","52","1001"
12/5/2021 2:58:44 AM,"748","13.8","52","1001"
12/5/2021 3:03:44 AM,"736","13.8","52","1001"
12/5/2021 3:08:44 AM,"733","13.8","52","1000"
12/5/2021 3:13:44 AM,"721","13.8","52","1000"
12/5/2021 3:18:44 AM,"717","13.7","52","1000"
12/5/2021 3:23:44 AM,"708","13.7","52","1000"
12/5/2021 3:28:44 AM,"715","13.7","52","1000"
12/5/2021 3:33:44 AM,"711","13.7","52","1000"
12/5/2021 3:38:44 AM,"720","13.6","52","1000"
12/5/2021 3:43:44 AM,"727","13.6","52","1000"
12/5/2021 3:48:44 AM,"729","13.6","52","1000"
12/5/2021 3:53:44 AM,"733","13.6","52","1000"
12/5/2021 3:58:44 AM,"742","13.6","52","1000"
12/5/2021 4:03:44 AM,"751","13.6","52","1000"
12/5/2021 4:08:44 AM,"752","13.6","52","1000"
12/5/2021 4:13:44 AM,"765","13.6","52","1000"
12/5/2021 4:18:44 AM,"751","13.6","52","1000"
12/5/2021 4:23:44 AM,"750","13.6","52","1000"
12/5/2021 4:28:44 AM,"755","13.6","52","1000"
12/5/2021 4:33:44 AM,"748","13.6","52","1000"
12/5/2021 4:38:44 AM,"744","13.6","52","1000"
12/5/2021 4:43:44 AM,"745","13.6","52","1000"
12/5/2021 4:48:44 AM,"741","13.6","52","1000"
12/5/2021 4:53:44 AM,"748","13.6","52","1000"
12/5/2021 4:58:44 AM,"743","13.6","52","1000"
12/5/2021 5:03:44 AM,"741","13.6","52","1000"
12/5/2021 5:08:44 AM,"741","13.6","52","1000"
12/5/2021 5:13:44 AM,"730","13.6","52","1000"
12/5/2021 5:18:44 AM,"729","13.6","52","1000"
12/5/2021 5:23:44 AM,"738","13.6","52","1000"
12/5/2021 5:28:44 AM,"726","13.5","52","1000"
12/5/2021 5:33:44 AM,"739","13.5","52","1000"
12/5/2021 5:38:44 AM,"734","13.5","52","1000"
12/5/2021 5:43:44 AM,"731","13.4","52","1000"
12/5/2021 5:48:44 AM,"728","13.4","52","1000"
12/5/2021 5:53:44 AM,"729","13.4","52","1000"
12/5/2021 5:58:44 AM,"741","13.4","52","1000"
12/5/2021 6:03:44 AM,"742","13.4","52","1000"
12/5/2021 6:08:44 AM,"740","13.4","52","1000"
12/5/2021 6:13:44 AM,"731","13.4","52","1000"
12/5/2021 6:18:44 AM,"744","13.4","52","1000"
12/5/2021 6:23:44 AM,"741","13.4","52","1000"
12/5/2021 6:28:44 AM,"732","13.4","52","1000"
12/5/2021 6:33:44 AM,"738","13.4","52","1000"
12/5/2021 6:38:44 AM,"739","13.4","52","1000"
12/5/2021 6:43:44 AM,"726","13.3","52","1000"
12/5/2021 6:48:44 AM,"738","13.3","52","1000"
12/5/2021 6:53:44 AM,"732","13.3","52","1001"
12/5/2021 6:58:44 AM,"746","13.3","52","1001"
12/5/2021 7:03:44 AM,"741","13.2","53","1001"
12/5/2021 7:08:44 AM,"749","13.3","53","1001"
12/5/2021 7:13:44 AM,"773","13.3","53","1001"
12/5/2021 7:18:44 AM,"771","13.3","53","1001"
12/5/2021 7:23:44 AM,"766","13.3","53","1001"
12/5/2021 7:28:44 AM,"762","13.2","53","1001"
12/5/2021 7:33:44 AM,"791","13.3","53","1001"
12/5/2021 7:38:44 AM,"796","13.2","53","1001"
12/5/2021 7:43:44 AM,"798","13.3","53","1001"
12/5/2021 7:48:44 AM,"784","13.3","53","1001"
12/5/2021 7:53:44 AM,"809","13.3","53","1001"
12/5/2021 7:58:44 AM,"809","13.3","53","1001"
12/5/2021 8:03:44 AM,"825","13.3","53","1001"
12/5/2021 8:08:44 AM,"838","13.3","53","1001"
12/5/2021 8:13:44 AM,"844","13.4","53","1001"
12/5/2021 8:18:44 AM,"833","13.3","53","1001"
12/5/2021 8:23:44 AM,"871","13.3","54","1001"
12/5/2021 8:28:44 AM,"885","13.4","54","1001"
12/5/2021 8:33:44 AM,"858","13.4","54","1001"
12/5/2021 8:38:44 AM,"684","13.4","54","1001"
12/5/2021 8:43:44 AM,"655","13.5","53","1001"
12/5/2021 8:48:44 AM,"626","13.5","53","1001"
12/5/2021 8:53:44 AM,"588","13.6","53","1002"
12/5/2021 8:58:44 AM,"613","13.4","53","1002"
12/5/2021 9:03:44 AM,"615","13.4","53","1002"
12/5/2021 9:08:44 AM,"571","15.1","52","1002"
12/5/2021 9:13:44 AM,"575","16.2","50","1002"
12/5/2021 9:18:44 AM,"585","16.9","48","1002"
12/5/2021 9:23:44 AM,"592","17.3","47","1002"
12/5/2021 9:28:44 AM,"601","17.6","47","1002"
12/5/2021 9:33:44 AM,"613","17.8","46","1002"
12/5/2021 9:38:44 AM,"627","17.9","45","1002"
12/5/2021 9:43:44 AM,"611","17.9","45","1002"
12/5/2021 9:48:44 AM,"595","18.0","45","1002"
12/5/2021 9:53:44 AM,"604","17.9","45","1002"
12/5/2021 9:58:44 AM,"593","17.9","45","1002"
12/5/2021 10:03:44 AM,"595","17.9","45","1002"
12/5/2021 10:08:44 AM,"572","17.8","44","1002"
12/5/2021 10:13:44 AM,"561","17.7","44","1002"
12/5/2021 10:18:44 AM,"505","17.5","43","1002"
12/5/2021 10:23:44 AM,"476","17.5","43","1002"
12/5/2021 10:28:44 AM,"492","17.4","43","1002"
12/5/2021 10:33:44 AM,"502","17.4","44","1002"
12/5/2021 10:38:44 AM,"523","17.4","44","1003"
12/5/2021 10:43:44 AM,"528","17.5","44","1003"
12/5/2021 10:48:44 AM,"518","17.6","44","1003"
12/5/2021 10:53:44 AM,"532","17.9","44","1003"
12/5/2021 10:58:44 AM,"555","18.1","43","1003"
12/5/2021 11:03:44 AM,"541","18.2","43","1003"
12/5/2021 11:08:44 AM,"562","18.4","43","1003"
12/5/2021 11:13:44 AM,"558","18.5","43","1003"
12/5/2021 11:18:44 AM,"551","18.6","42","1003"
12/5/2021 11:23:44 AM,"572","18.6","42","1003"
12/5/2021 11:28:44 AM,"610","18.8","43","1003"
12/5/2021 11:33:44 AM,"660","19.0","43","1003"
12/5/2021 11:38:44 AM,"652","19.0","43","1003"
12/5/2021 11:43:44 AM,"675","19.1","43","1003"
12/5/2021 11:48:44 AM,"665","19.1","43","1004"
12/5/2021 11:53:44 AM,"677","19.1","43","1004"
12/5/2021 11:58:44 AM,"680","19.1","43","1004"
12/5/2021 12:03:44 PM,"698","19.2","44","1004"
12/5/2021 12:08:44 PM,"700","19.2","44","1004"
12/5/2021 12:13:44 PM,"736","19.5","44","1004"
12/5/2021 12:18:44 PM,"751","19.5","44","1004"
12/5/2021 12:23:44 PM,"821","19.5","45","1004"
12/5/2021 12:28:44 PM,"817","19.5","45","1004"
12/5/2021 12:33:44 PM,"798","19.4","45","1004"
12/5/2021 12:38:44 PM,"798","19.4","44","1004"
12/5/2021 12:43:44 PM,"779","19.4","44","1004"
12/5/2021 12:48:44 PM,"779","19.4","44","1004"
12/5/2021 12:53:44 PM,"796","19.4","44","1004"
12/5/2021 12:58:44 PM,"799","19.4","44","1004"
12/5/2021 1:03:44 PM,"805","19.4","44","1004"
12/5/2021 1:08:44 PM,"807","19.4","44","1004"
12/5/2021 1:13:44 PM,"784","19.4","44","1004"
12/5/2021 1:18:44 PM,"792","19.4","43","1004"
12/5/2021 1:23:44 PM,"804","19.5","43","1004"
12/5/2021 1:28:44 PM,"739","19.5","43","1004"
12/5/2021 1:33:44 PM,"711","19.4","43","1004"
12/5/2021 1:38:44 PM,"691","19.4","43","1004"
12/5/2021 1:43:44 PM,"678","19.5","42","1004"
12/5/2021 1:48:44 PM,"657","19.5","42","1004"
12/5/2021 1:53:44 PM,"647","19.5","42","1004"
12/5/2021 1:58:44 PM,"657","19.5","42","1005"
12/5/2021 2:03:44 PM,"647","19.5","42","1005"
12/5/2021 2:08:44 PM,"632","19.5","42","1005"
12/5/2021 2:13:44 PM,"642","19.5","42","1005"
12/5/2021 2:18:44 PM,"648","19.5","43","1005"
12/5/2021 2:23:44 PM,"636","19.4","43","1005"
12/5/2021 2:28:44 PM,"667","19.4","43","1005"
12/5/2021 2:33:44 PM,"692","19.3","43","1005"
12/5/2021 2:38:44 PM,"709","19.2","43","1005"
12/5/2021 2:43:44 PM,"725","19.2","43","1005"
12/5/2021 2:48:44 PM,"725","19.1","44","1005"
12/5/2021 2:53:44 PM,"749","19.1","44","1005"
12/5/2021 2:58:44 PM,"764","19.1","45","1005"
12/5/2021 3:03:44 PM,"778","19.1","45","1005"
12/5/2021 3:08:44 PM,"808","19.0","45","1005"
12/5/2021 3:13:44 PM,"824","19.0","46","1005"
12/5/2021 3:18:44 PM,"851","19.1","46","1006"
12/5/2021 3:23:44 PM,"895","19.3","46","1006"
12/5/2021 3:28:44 PM,"895","19.5","46","1006"
12/5/2021 3:33:44 PM,"896","19.6","45","1006"
12/5/2021 3:38:44 PM,"916","19.7","45","1006"
12/5/2021 3:43:44 PM,"930","19.8","45","1006"
12/5/2021 3:48:44 PM,"944","19.8","45","1006"
12/5/2021 3:53:44 PM,"955","19.9","45","1006"
12/5/2021 3:58:44 PM,"950","20.0","45","1006"
12/5/2021 4:03:44 PM,"952","19.9","45","1006"
12/5/2021 4:08:44 PM,"960","19.9","45","1006"
12/5/2021 4:13:44 PM,"976","20.0","45","1006"
12/5/2021 4:18:44 PM,"972","20.0","44","1006"
12/5/2021 4:23:44 PM,"954","20.0","44","1006"
12/5/2021 4:28:44 PM,"962","20.1","44","1006"
12/5/2021 4:33:44 PM,"989","20.2","44","1007"
12/5/2021 4:38:44 PM,"979","20.2","44","1007"
12/5/2021 4:43:44 PM,"992","20.2","44","1007"
12/5/2021 4:48:44 PM,"1013","20.3","44","1007"
12/5/2021 4:53:44 PM,"1066","20.4","44","1007"
12/5/2021 4:58:44 PM,"1038","20.4","44","1007"
12/5/2021 5:03:44 PM,"1003","20.3","43","1007"
12/5/2021 5:08:44 PM,"898","20.1","43","1007"
12/5/2021 5:13:44 PM,"807","20.0","42","1007"
12/5/2021 5:18:44 PM,"722","19.9","41","1007"
12/5/2021 5:23:44 PM,"694","19.6","40","1007"
12/5/2021 5:28:44 PM,"680","19.6","40","1007"
12/5/2021 5:33:44 PM,"684","19.5","41","1008"
12/5/2021 5:38:44 PM,"703","19.6","41","1008"
12/5/2021 5:43:44 PM,"697","19.8","41","1008"
12/5/2021 5:48:44 PM,"705","19.9","41","1008"
12/5/2021 5:53:44 PM,"698","20.0","41","1008"
12/5/2021 5:58:44 PM,"705","20.0","40","1008"
12/5/2021 6:03:44 PM,"714","20.0","41","1008"
12/5/2021 6:08:44 PM,"721","20.0","41","1008"
12/5/2021 6:13:44 PM,"714","20.1","41","1008"
12/5/2021 6:18:44 PM,"714","20.1","41","1008"
12/5/2021 6:23:44 PM,"715","20.2","41","1008"
12/5/2021 6:28:44 PM,"707","20.2","41","1009"
12/5/2021 6:33:44 PM,"727","20.3","41","1009"
12/5/2021 6:38:44 PM,"716","20.4","41","1009"
12/5/2021 6:43:44 PM,"740","20.4","41","1009"
12/5/2021 6:48:44 PM,"738","20.4","41","1009"
12/5/2021 6:53:44 PM,"747","20.4","41","1009"
12/5/2021 6:58:44 PM,"745","20.5","41","1009"
12/5/2021 7:03:44 PM,"741","20.5","41","1009"
12/5/2021 7:08:44 PM,"752","20.5","41","1009"
12/5/2021 7:13:44 PM,"752","20.5","41","1009"
12/5/2021 7:18:44 PM,"760","20.5","41","1009"
12/5/2021 7:23:44 PM,"754","20.6","41","1009"
12/5/2021 7:28:44 PM,"756","20.6","41","1009"
12/5/2021 7:33:44 PM,"753","20.5","41","1010"
12/5/2021 7:38:44 PM,"743","20.6","41","1010"
12/5/2021 7:43:44 PM,"775","20.6","41","1010"
12/5/2021 7:48:44 PM,"801","20.6","41","1010"
12/5/2021 7:53:44 PM,"821","20.6","42","1010"
12/5/2021 7:58:44 PM,"817","20.6","42","1010"
12/5/2021 8:03:44 PM,"916","20.7","40","1010"
12/5/2021 8:08:44 PM,"999","18.5","40","1010"
12/5/2021 8:13:44 PM,"1018","17.1","42","1010"
12/5/2021 8:18:44 PM,"912","16.4","44","1010"
12/5/2021 8:23:44 PM,"830","16.0","45","1010"
12/5/2021 8:28:44 PM,"818","15.7","45","1010"
12/5/2021 8:33:44 PM,"857","15.4","46","1010"
12/5/2021 8:38:44 PM,"900","15.2","47","1011"
12/5/2021 8:43:44 PM,"942","15.1","47","1011"
12/5/2021 8:48:44 PM,"997","15.1","48","1011"
12/5/2021 8:53:44 PM,"967","14.9","48","1011"
12/5/2021 8:58:44 PM,"985","14.7","49","1011"
12/5/2021 9:03:44 PM,"964","14.6","49","1011"
12/5/2021 9:08:44 PM,"954","14.5","49","1011"
12/5/2021 9:13:44 PM,"953","14.4","49","1011"
12/5/2021 9:18:44 PM,"933","14.3","50","1011"
12/5/2021 9:23:44 PM,"914","14.2","50","1011"
12/5/2021 9:28:44 PM,"898","14.2","50","1011"
12/5/2021 9:33:44 PM,"893","14.2","50","1011"
12/5/2021 9:38:44 PM,"876","14.1","50","1011"
12/5/2021 9:43:44 PM,"876","14.2","50","1011"
12/5/2021 9:48:44 PM,"826","14.3","51","1011"
12/5/2021 9:53:44 PM,"810","14.4","51","1011"
12/5/2021 9:58:44 PM,"837","14.4","51","1012"
12/5/2021 10:03:44 PM,"885","14.4","51","1012"
12/5/2021 10:08:44 PM,"933","14.4","51","1012"
12/5/2021 10:13:44 PM,"980","14.4","51","1012"
12/5/2021 10:18:44 PM,"1017","14.4","52","1012"
12/5/2021 10:23:44 PM,"1064","14.2","52","1012"
12/5/2021 10:28:44 PM,"1072","14.2","52","1012"
12/5/2021 10:33:44 PM,"1076","14.2","52","1012"
12/5/2021 10:38:44 PM,"1087","14.1","52","1012"
12/5/2021 10:43:44 PM,"1111","14.1","52","1012"
12/5/2021 10:48:44 PM,"1123","14.1","53","1012"
12/5/2021 10:53:44 PM,"1117","14.1","53","1013"
12/5/2021 10:58:44 PM,"1131","14.1","53","1013"
12/5/2021 11:03:44 PM,"1140","14.1","53","1013"
12/5/2021 11:08:44 PM,"1154","14.0","53","1013"
12/5/2021 11:13:44 PM,"1145","14.0","53","1013"
12/5/2021 11:18:44 PM,"1155","14.0","53","1013"
12/5/2021 11:23:44 PM,"1157","13.9","53","1013"
12/5/2021 11:28:44 PM,"1160","13.9","54","1013"
12/5/2021 11:33:44 PM,"1155","13.9","54","1013"
12/5/2021 11:38:44 PM,"1164","13.9","54","1013"
12/5/2021 11:43:44 PM,"1170","13.9","54","1013"
12/5/2021 11:48:44 PM,"1175","13.9","54","1013"
12/5/2021 11:53:44 PM,"1205","13.9","54","1013"
12/5/2021 11:58:44 PM,"1202","13.9","54","1014"
12/6/2021 12:03:44 AM,"1191","13.9","54","1014"
12/6/2021 12:08:44 AM,"1198","13.9","54","1014"
12/6/2021 12:13:44 AM,"1209","13.9","54","1014"
12/6/2021 12:18:44 AM,"1205","13.9","54","1014"
12/6/2021 12:23:44 AM,"1225","13.9","54","1014"
12/6/2021 12:28:44 AM,"1220","13.9","54","1014"
12/6/2021 12:33:44 AM,"1229","13.9","55","1014"
12/6/2021 12:38:44 AM,"1211","13.9","55","1014"
12/6/2021 12:43:44 AM,"1216","13.9","55","1014"
12/6/2021 12:48:44 AM,"1225","13.9","55","1014"
12/6/2021 12:53:44 AM,"1234","13.9","55","1014"
12/6/2021 12:58:44 AM,"1238","13.9","55","1014"
12/6/2021 1:03:44 AM,"1221","13.9","55","1014"
12/6/2021 1:08:44 AM,"1229","13.9","55","1014"
12/6/2021 1:13:44 AM,"1237","13.9","55","1014"
12/6/2021 1:18:44 AM,"1231","13.9","55","1014"
12/6/2021 1:23:44 AM,"1231","13.9","55","1014"
12/6/2021 1:28:44 AM,"1245","13.9","55","1014"
12/6/2021 1:33:44 AM,"1248","13.9","56","1015"
12/6/2021 1:38:44 AM,"1245","13.9","56","1015"
12/6/2021 1:43:44 AM,"1248","13.9","56","1015"
12/6/2021 1:48:44 AM,"1247","13.9","56","1015"
12/6/2021 1:53:44 AM,"1248","13.9","56","1015"
12/6/2021 1:58:44 AM,"1240","13.8","56","1015"
12/6/2021 2:03:44 AM,"1257","13.9","56","1015"
12/6/2021 2:08:44 AM,"1250","13.9","56","1015"
12/6/2021 2:13:44 AM,"1242","13.9","56","1015"
12/6/2021 2:18:44 AM,"1242","13.9","56","1015"
12/6/2021 2:23:44 AM,"1243","13.8","56","1015"
12/6/2021 2:28:44 AM,"1233","13.9","56","1016"
12/6/2021 2:33:44 AM,"1238","13.9","56","1016"
12/6/2021 2:38:44 AM,"1233","13.9","56","1016"
12/6/2021 2:43:44 AM,"1236","13.9","56","1016"
12/6/2021 2:48:44 AM,"1241","13.9","56","1016"
12/6/2021 2:53:44 AM,"1252","13.9","56","1016"
12/6/2021 2:58:44 AM,"1251","13.9","56","1016"
12/6/2021 3:03:44 AM,"1260","13.9","56","1016"
12/6/2021 3:08:44 AM,"1250","13.9","57","1016"
12/6/2021 3:13:44 AM,"1246","13.9","57","1016"
12/6/2021 3:18:44 AM,"1246","13.9","57","1016"
12/6/2021 3:23:44 AM,"1268","13.9","57","1016"
12/6/2021 3:28:44 AM,"1252","13.9","57","1016"
12/6/2021 3:33:44 AM,"1257","13.9","57","1016"
12/6/2021 3:38:44 AM,"1247","13.9","57","1016"
12/6/2021 3:43:44 AM,"1244","13.9","57","1016"
12/6/2021 3:48:44 AM,"1240","13.9","57","1016"
12/6/2021 3:53:44 AM,"1257","13.9","57","1016"
12/6/2021 3:58:44 AM,"1244","13.9","57","1016"
12/6/2021 4:03:44 AM,"1257","13.9","57","1016"
12/6/2021 4:08:44 AM,"1257","13.9","57","1016"
12/6/2021 4:13:44 AM,"1253","13.9","57","1016"
12/6/2021 4:18:44 AM,"1256","13.9","57","1016"
12/6/2021 4:23:44 AM,"1260","13.9","57","1016"
12/6/2021 4:28:44 AM,"1234","13.9","57","1016"
12/6/2021 4:33:44 AM,"1250","13.9","57","1016"
12/6/2021 4:38:44 AM,"1244","13.8","57","1016"
12/6/2021 4:43:44 AM,"1244","13.8","57","1016"
12/6/2021 4:48:44 AM,"1246","13.8","57","1016"
12/6/2021 4:53:44 AM,"1246","13.8","57","1016"
12/6/2021 4:58:44 AM,"1235","13.8","57","1016"
12/6/2021 5:03:44 AM,"1229","13.8","57","1016"
12/6/2021 5:08:44 AM,"1230","13.9","57","1016"
12/6/2021 5:13:44 AM,"1216","13.8","57","1016"
12/6/2021 5:18:44 AM,"1221","13.8","57","1016"
12/6/2021 5:23:44 AM,"1203","13.9","57","1016"
12/6/2021 5:28:44 AM,"1199","13.8","57","1016"
12/6/2021 5:33:44 AM,"1180","13.8","57","1016"
12/6/2021 5:38:44 AM,"1189","13.8","57","1017"
12/6/2021 5:43:44 AM,"1183","13.8","57","1017"
12/6/2021 5:48:44 AM,"1170","13.9","57","1016"
12/6/2021 5:53:44 AM,"1189","13.8","57","1016"
12/6/2021 5:58:44 AM,"1190","13.8","57","1016"
12/6/2021 6:03:44 AM,"1190","13.8","57","1016"
12/6/2021 6:08:44 AM,"1177","13.8","57","1017"
12/6/2021 6:13:44 AM,"1181","13.8","57","1017"
12/6/2021 6:18:44 AM,"1179","13.8","57","1017"
12/6/2021 6:23:44 AM,"1175","13.8","57","1017"
12/6/2021 6:28:44 AM,"612","16.0","61","1017"
12/6/2021 6:33:44 AM,"577","16.5","57","1017"
12/6/2021 6:38:44 AM,"563","16.5","56","1017"
12/6/2021 6:43:44 AM,"565","16.5","55","1017"
12/6/2021 6:48:44 AM,"560","16.5","54","1017"
12/6/2021 6:53:44 AM,"561","16.6","53","1017"
12/6/2021 6:58:44 AM,"561","16.6","52","1017"
12/6/2021 7:03:44 AM,"562","16.8","50","1017"
12/6/2021 7:08:44 AM,"598","16.8","50","1017"
12/6/2021 7:13:44 AM,"595","16.8","50","1018"
12/6/2021 7:18:44 AM,"584","16.6","49","1018"
12/6/2021 7:23:44 AM,"571","16.4","47","1018"
12/6/2021 7:28:44 AM,"644","16.2","48","1018"
12/6/2021 7:33:44 AM,"662","16.0","47","1018"
12/6/2021 7:38:44 AM,"663","15.9","47","1018"
12/6/2021 7:43:44 AM,"660","15.7","46","1017"
12/6/2021 7:48:44 AM,"660","15.6","46","1017"
12/6/2021 7:53:44 AM,"678","15.6","46","1018"
12/6/2021 7:58:44 AM,"688","15.6","46","1017"
12/6/2021 8:03:44 AM,"684","15.6","46","1017"
12/6/2021 8:08:44 AM,"685","15.6","46","1018"
12/6/2021 8:13:44 AM,"705","15.7","45","1018"
12/6/2021 8:18:44 AM,"689","15.8","45","1018"
12/6/2021 8:23:44 AM,"683","15.9","45","1017"
12/6/2021 8:28:44 AM,"679","15.9","45","1016"
12/6/2021 8:33:44 AM,"672","16.0","44","1014"
12/6/2021 8:38:44 AM,"647","15.4","43","1015"
12/6/2021 8:43:44 AM,"625","14.6","42","1015"
12/6/2021 8:48:44 AM,"609","13.8","41","1010"
12/6/2021 8:53:44 AM,"601","13.1","41","1008"
12/6/2021 8:58:44 AM,"521","15.4","44","1008"
12/6/2021 9:03:44 AM,"535","17.8","40","1008"
12/6/2021 9:08:44 AM,"538","19.0","38","1008"
12/6/2021 9:13:44 AM,"541","19.7","37","1008"
12/6/2021 9:18:44 AM,"533","20.1","36","1008"
12/6/2021 9:23:44 AM,"530","20.5","36","1008"
12/6/2021 9:28:44 AM,"554","20.8","35","1008"
12/6/2021 9:33:44 AM,"551","21.0","35","1008"
12/6/2021 9:38:44 AM,"537","21.1","34","1008"
12/6/2021 9:43:44 AM,"516","21.3","34","1008"
12/6/2021 9:48:44 AM,"490","21.5","33","1008"
12/6/2021 9:53:44 AM,"489","21.5","33","1008"
12/6/2021 9:58:44 AM,"512","21.5","33","1008"
12/6/2021 10:03:44 AM,"519","21.6","33","1008"
12/6/2021 10:08:44 AM,"543","21.7","33","1008"
12/6/2021 10:13:44 AM,"561","21.8","33","1008"
12/6/2021 10:18:44 AM,"560","21.8","32","1008"
12/6/2021 10:23:44 AM,"569","21.8","32","1008"
12/6/2021 10:28:44 AM,"579","21.9","32","1008"
12/6/2021 10:33:44 AM,"596","22.0","32","1008"
12/6/2021 10:38:44 AM,"618","22.0","32","1008"
12/6/2021 10:43:44 AM,"614","22.0","32","1008"
12/6/2021 10:48:44 AM,"618","22.0","32","1008"
12/6/2021 10:53:44 AM,"613","22.0","32","1008"
12/6/2021 10:58:44 AM,"659","22.0","32","1008"
12/6/2021 11:03:44 AM,"672","22.0","31","1008"
12/6/2021 11:08:44 AM,"645","22.0","31","1008"
12/6/2021 11:13:44 AM,"634","22.0","31","1008"
12/6/2021 11:18:44 AM,"636","22.0","31","1008"
12/6/2021 11:23:44 AM,"634","22.0","31","1008"
12/6/2021 11:28:44 AM,"640","22.0","31","1007"
12/6/2021 11:33:44 AM,"644","22.0","31","1007"
12/6/2021 11:38:44 AM,"647","22.0","31","1007"
12/6/2021 11:43:44 AM,"612","22.0","31","1007"
12/6/2021 11:48:44 AM,"648","22.0","31","1007"
12/6/2021 11:53:44 AM,"667","21.9","31","1007"
12/6/2021 11:58:44 AM,"688","21.9","31","1006"
12/6/2021 12:03:44 PM,"663","21.9","31","1006"
12/6/2021 12:08:44 PM,"671","21.9","31","1006"
12/6/2021 12:13:44 PM,"684","21.9","31","1006"
12/6/2021 12:18:44 PM,"681","21.8","31","1006"
12/6/2021 12:23:44 PM,"675","21.8","31","1006"
12/6/2021 12:28:44 PM,"718","21.8","31","1006"
12/6/2021 12:33:44 PM,"566","20.1","30","1006"
12/6/2021 12:38:44 PM,"522","19.1","32","1006"
12/6/2021 12:43:44 PM,"512","20.0","32","1006"
12/6/2021 12:48:44 PM,"519","21.0","31","1006"
12/6/2021 12:53:44 PM,"527","21.5","31","1006"
12/6/2021 12:58:44 PM,"513","21.9","30","1006"
12/6/2021 1:03:44 PM,"532","22.1","30","1006"
12/6/2021 1:08:44 PM,"543","22.1","30","1005"
12/6/2021 1:13:44 PM,"560","22.2","30","1005"
12/6/2021 1:18:44 PM,"601","22.2","30","1005"
12/6/2021 1:23:44 PM,"621","22.3","30","1005"
12/6/2021 1:28:44 PM,"674","22.4","31","1005"
12/6/2021 1:33:44 PM,"667","22.4","31","1005"
12/6/2021 1:38:44 PM,"663","22.4","30","1005"
12/6/2021 1:43:44 PM,"679","22.4","30","1005"
12/6/2021 1:48:44 PM,"651","22.4","30","1005"
12/6/2021 1:53:44 PM,"668","22.4","30","1005"
12/6/2021 1:58:44 PM,"684","22.4","30","1004"
12/6/2021 2:03:44 PM,"696","22.4","30","1004"
12/6/2021 2:08:44 PM,"679","22.3","30","1004"
12/6/2021 2:13:44 PM,"676","22.3","30","1004"
12/6/2021 2:18:44 PM,"676","22.3","30","1004"
12/6/2021 2:23:44 PM,"680","22.2","30","1004"
12/6/2021 2:28:44 PM,"690","22.2","30","1004"
12/6/2021 2:33:44 PM,"683","22.1","30","1004"
12/6/2021 2:38:44 PM,"700","22.0","30","1004"
12/6/2021 2:43:44 PM,"817","21.9","30","1004"
12/6/2021 2:48:44 PM,"703","21.8","30","1004"
12/6/2021 2:53:44 PM,"696","21.6","30","1004"
12/6/2021 2:58:44 PM,"688","21.6","30","1004"
12/6/2021 3:03:44 PM,"697","21.5","30","1003"
12/6/2021 3:08:44 PM,"687","21.5","30","1003"
12/6/2021 3:13:44 PM,"672","21.5","30","1003"
12/6/2021 3:18:44 PM,"678","21.5","30","1003"
12/6/2021 3:23:44 PM,"703","21.5","30","1003"
12/6/2021 3:28:44 PM,"718","21.5","30","1003"
12/6/2021 3:33:44 PM,"720","21.6","30","1003"
12/6/2021 3:38:44 PM,"691","21.5","30","1003"
12/6/2021 3:43:44 PM,"664","21.5","30","1002"
12/6/2021 3:48:44 PM,"696","21.5","30","1002"
12/6/2021 3:53:44 PM,"683","21.5","30","1002"
12/6/2021 3:58:44 PM,"677","21.5","30","1002"
12/6/2021 4:03:44 PM,"682","21.6","30","1002"
12/6/2021 4:08:44 PM,"684","21.6","30","1002"
12/6/2021 4:13:44 PM,"678","22.0","38","1002"
12/6/2021 4:18:44 PM,"518","23.1","31","1002"
12/6/2021 4:23:44 PM,"533","22.9","28","1002"
12/6/2021 4:28:44 PM,"538","22.6","27","1002"
12/6/2021 4:33:44 PM,"517","22.6","27","1002"
12/6/2021 4:38:44 PM,"508","22.7","27","1002"
12/6/2021 4:43:44 PM,"496","22.8","26","1002"
12/6/2021 4:48:44 PM,"489","22.8","26","1002"
12/6/2021 4:53:44 PM,"490","22.9","26","1002"
12/6/2021 4:58:44 PM,"489","22.7","26","1002"
12/6/2021 5:03:44 PM,"467","22.5","26","1002"
12/6/2021 5:08:44 PM,"448","22.3","26","1002"
12/6/2021 5:13:44 PM,"456","22.1","26","1002"
12/6/2021 5:18:44 PM,"445","22.1","26","1002"
12/6/2021 5:23:44 PM,"435","22.0","26","1002"
12/6/2021 5:28:44 PM,"437","21.9","26","1002"
12/6/2021 5:33:44 PM,"438","21.9","26","1002"
12/6/2021 5:38:44 PM,"443","21.8","26","1002"
12/6/2021 5:43:44 PM,"443","21.8","26","1001"
12/6/2021 5:48:44 PM,"443","21.7","26","1001"
12/6/2021 5:53:44 PM,"448","21.6","26","1001"
12/6/2021 5:58:44 PM,"444","21.6","26","1001"
12/6/2021 6:03:44 PM,"451","21.6","26","1001"
12/6/2021 6:08:44 PM,"442","21.5","26","1001"
12/6/2021 6:13:44 PM,"442","21.5","26","1001"
12/6/2021 6:18:44 PM,"441","21.5","26","1001"
12/6/2021 6:23:44 PM,"440","21.5","26","1001"
12/6/2021 6:28:44 PM,"434","21.4","26","1001"
12/6/2021 6:33:44 PM,"436","21.4","26","1001"
12/6/2021 6:38:44 PM,"443","21.4","27","1001"
12/6/2021 6:43:44 PM,"437","21.4","27","1001"
12/6/2021 6:48:44 PM,"437","21.4","27","1001"
12/6/2021 6:53:44 PM,"444","21.3","27","1001"
12/6/2021 6:58:44 PM,"434","21.2","27","1001"
12/6/2021 7:03:44 PM,"431","21.2","27","1000"
12/6/2021 7:08:44 PM,"440","21.1","27","1000"
12/6/2021 7:13:44 PM,"446","21.2","27","1000"
12/6/2021 7:18:44 PM,"441","21.2","27","1000"
12/6/2021 7:23:44 PM,"433","21.1","27","1000"
12/6/2021 7:28:44 PM,"440","21.1","27","1000"
12/6/2021 7:33:44 PM,"433","21.1","27","999"
12/6/2021 7:38:44 PM,"439","21.1","27","999"
12/6/2021 7:43:44 PM,"432","21.1","27","999"
12/6/2021 7:48:44 PM,"427","21.1","27","999"
12/6/2021 7:53:44 PM,"441","21.1","27","999"
12/6/2021 7:58:44 PM,"437","21.1","27","999"
12/6/2021 8:03:44 PM,"435","21.0","27","998"
12/6/2021 8:08:44 PM,"430","21.0","27","998"
12/6/2021 8:13:44 PM,"444","21.0","26","998"
12/6/2021 8:18:44 PM,"436","21.0","27","998"
12/6/2021 8:23:44 PM,"432","21.0","26","998"
12/6/2021 8:28:44 PM,"421","21.0","27","998"
12/6/2021 8:33:44 PM,"432","21.0","27","998"
12/6/2021 8:38:44 PM,"428","21.0","27","997"
12/6/2021 8:43:44 PM,"426","21.0","27","997"
12/6/2021 8:48:44 PM,"427","21.0","27","997"
12/6/2021 8:53:44 PM,"441","21.0","27","997"
12/6/2021 8:58:44 PM,"436","21.0","26","997"
12/6/2021 9:03:44 PM,"435","21.0","26","997"
12/6/2021 9:08:44 PM,"426","21.0","26","997"
12/6/2021 9:13:44 PM,"432","21.0","26","997"
12/6/2021 9:18:44 PM,"423","20.9","26","997"
12/6/2021 9:23:44 PM,"434","20.9","26","997"
12/6/2021 9:28:44 PM,"437","20.9","26","997"
12/6/2021 9:33:44 PM,"433","20.9","26","997"
12/6/2021 9:38:44 PM,"422","20.9","26","997"
12/6/2021 9:43:44 PM,"435","20.9","26","996"
12/6/2021 9:48:44 PM,"436","21.0","26","997"
12/6/2021 9:53:44 PM,"434","21.0","26","997"
12/6/2021 9:58:44 PM,"438","21.0","26","997"
12/6/2021 10:03:44 PM,"431","21.0","26","997"
12/6/2021 10:08:44 PM,"423","21.0","26","997"
12/6/2021 10:13:44 PM,"441","21.1","26","997"
12/6/2021 10:18:44 PM,"443","21.2","26","997"
12/6/2021 10:23:44 PM,"454","21.4","27","997"
12/6/2021 10:28:44 PM,"466","21.5","26","997"
12/6/2021 10:33:44 PM,"474","21.5","26","997"
12/6/2021 10:38:44 PM,"466","21.6","26","997"
12/6/2021 10:43:44 PM,"483","21.6","26","997"
12/6/2021 10:48:44 PM,"485","21.8","26","997"
12/6/2021 10:53:44 PM,"493","21.8","26","997"
12/6/2021 10:58:44 PM,"511","21.9","26","997"
12/6/2021 11:03:44 PM,"504","21.9","26","997"
12/6/2021 11:08:44 PM,"507","22.0","26","997"
12/6/2021 11:13:44 PM,"514","22.0","26","998"
12/6/2021 11:18:44 PM,"520","22.1","26","998"
12/6/2021 11:23:44 PM,"523","22.1","26","998"
12/6/2021 11:28:44 PM,"533","22.1","26","998"
12/6/2021 11:33:44 PM,"537","22.2","26","998"
12/6/2021 11:38:44 PM,"533","22.2","26","998"
12/6/2021 11:43:44 PM,"543","22.3","26","998"
12/6/2021 11:48:44 PM,"538","22.4","26","998"
12/6/2021 11:53:44 PM,"546","22.4","26","998"
12/6/2021 11:58:44 PM,"549","22.4","26","998"
12/7/2021 12:03:44 AM,"554","22.5","26","998"
12/7/2021 12:08:44 AM,"564","22.5","26","998"
12/7/2021 12:13:44 AM,"565","22.5","26","999"
12/7/2021 12:18:44 AM,"571","22.6","26","999"
12/7/2021 12:23:44 AM,"588","22.6","27","999"
12/7/2021 12:28:44 AM,"580","22.6","26","999"
12/7/2021 12:33:44 AM,"580","22.7","26","999"
12/7/2021 12:38:44 AM,"592","22.7","27","999"
12/7/2021 12:43:44 AM,"585","22.8","27","999"
12/7/2021 12:48:44 AM,"584","22.8","26","999"
12/7/2021 12:53:44 AM,"601","22.9","26","999"
12/7/2021 12:58:44 AM,"593","22.9","27","1000"
12/7/2021 1:03:44 AM,"601","22.9","27","1000"
12/7/2021 1:08:44 AM,"592","22.9","27","1000"
12/7/2021 1:13:44 AM,"605","23.0","27","1000"
12/7/2021 1:18:44 AM,"610","23.0","27","1000"
12/7/2021 1:23:44 AM,"598","23.0","26","1000"
12/7/2021 1:28:44 AM,"606","23.0","27","1000"
12/7/2021 1:33:44 AM,"609","23.0","27","1000"
12/7/2021 1:38:44 AM,"615","23.0","27","1000"
12/7/2021 1:43:44 AM,"626","23.1","26","1000"
12/7/2021 1:48:44 AM,"617","23.1","26","1000"
12/7/2021 1:53:44 AM,"611","23.1","27","1000"
12/7/2021 1:58:44 AM,"628","23.2","27","1000"
12/7/2021 2:03:44 AM,"626","23.2","26","1000"
12/7/2021 2:08:44 AM,"638","23.2","27","1001"
12/7/2021 2:13:44 AM,"628","23.2","26","1001"
12/7/2021 2:18:44 AM,"640","23.3","27","1001"
12/7/2021 2:23:44 AM,"642","23.2","27","1001"
12/7/2021 2:28:44 AM,"611","23.3","27","1001"
12/7/2021 2:33:44 AM,"636","23.4","27","1001"
12/7/2021 2:38:44 AM,"636","23.4","27","1001"
12/7/2021 2:43:44 AM,"635","23.4","27","1001"
12/7/2021 2:48:44 AM,"645","23.4","26","1001"
12/7/2021 2:53:44 AM,"640","23.5","26","1001"
12/7/2021 2:58:44 AM,"637","23.5","26","1001"
12/7/2021 3:03:44 AM,"640","23.5","27","1001"
12/7/2021 3:08:44 AM,"641","23.5","27","1001"
12/7/2021 3:13:44 AM,"639","23.5","27","1001"
12/7/2021 3:18:44 AM,"651","23.5","26","1001"
12/7/2021 3:23:44 AM,"658","23.5","26","1002"
12/7/2021 3:28:44 AM,"646","23.5","27","1002"
12/7/2021 3:33:44 AM,"649","23.6","26","1002"
12/7/2021 3:38:44 AM,"642","23.6","27","1002"
12/7/2021 3:43:44 AM,"647","23.6","26","1002"
12/7/2021 3:48:44 AM,"656","23.6","26","1002"
12/7/2021 3:53:44 AM,"659","23.6","26","1002"
12/7/2021 3:58:44 AM,"655","23.6","26","1002"
12/7/2021 4:03:44 AM,"651","23.6","26","1002"
12/7/2021 4:08:44 AM,"645","23.7","26","1002"
12/7/2021 4:13:44 AM,"652","23.7","26","1002"
12/7/2021 4:18:44 AM,"644","23.8","26","1002"
12/7/2021 4:23:44 AM,"663","23.8","26","1002"
12/7/2021 4:28:44 AM,"656","23.8","26","1002"
12/7/2021 4:33:44 AM,"655","23.8","26","1002"
12/7/2021 4:38:44 AM,"664","23.8","26","1002"
12/7/2021 4:43:44 AM,"644","23.8","26","1002"
12/7/2021 4:48:44 AM,"662","23.8","26","1002"
12/7/2021 4:53:44 AM,"670","23.8","26","1002"
12/7/2021 4:58:44 AM,"662","23.9","26","1002"
12/7/2021 5:03:44 AM,"659","23.9","26","1002"
12/7/2021 5:08:44 AM,"662","23.9","26","1002"
12/7/2021 5:13:44 AM,"643","23.9","26","1002"
12/7/2021 5:18:44 AM,"641","23.9","26","1002"
12/7/2021 5:23:44 AM,"658","23.9","26","1003"
12/7/2021 5:28:44 AM,"663","24.0","26","1003"
12/7/2021 5:33:44 AM,"652","24.0","26","1003"
12/7/2021 5:38:44 AM,"665","24.0","26","1003"
12/7/2021 5:43:44 AM,"655","24.0","26","1003"
12/7/2021 5:48:44 AM,"659","24.0","26","1003"
12/7/2021 5:53:44 AM,"600","24.0","26","1003"
12/7/2021 5:58:44 AM,"493","23.8","25","1002"
12/7/2021 6:03:44 AM,"465","23.5","25","1002"
12/7/2021 6:08:44 AM,"453","23.4","25","1002"
12/7/2021 6:13:44 AM,"445","23.2","25","1003"
12/7/2021 6:18:44 AM,"439","23.1","25","1003"
12/7/2021 6:23:44 AM,"439","23.0","25","1003"
12/7/2021 6:28:44 AM,"434","23.0","25","1003"
12/7/2021 6:33:44 AM,"431","22.9","25","1003"
12/7/2021 6:38:44 AM,"430","22.8","25","1003"
12/7/2021 6:43:44 AM,"432","22.8","25","1003"
12/7/2021 6:48:44 AM,"440","22.6","25","1003"
12/7/2021 6:53:44 AM,"440","22.6","25","1003"
12/7/2021 6:58:44 AM,"432","22.5","25","1003"
12/7/2021 7:03:44 AM,"426","22.5","25","1003"
12/7/2021 7:08:44 AM,"434","22.4","25","1003"
12/7/2021 7:13:44 AM,"433","22.4","25","1004"
12/7/2021 7:18:44 AM,"436","22.4","25","1004"
12/7/2021 7:23:44 AM,"428","22.3","25","1004"
12/7/2021 7:28:44 AM,"434","22.3","25","1004"
12/7/2021 7:33:44 AM,"433","22.2","25","1004"
12/7/2021 7:38:44 AM,"429","22.2","25","1004"
12/7/2021 7:43:44 AM,"442","22.1","25","1003"
12/7/2021 7:48:44 AM,"444","22.1","25","1003"
12/7/2021 7:53:44 AM,"437","22.0","25","1003"
12/7/2021 7:58:44 AM,"448","22.0","25","1003"
12/7/2021 8:03:44 AM,"457","22.0","25","1003"
12/7/2021 8:08:44 AM,"446","22.0","25","1003"
12/7/2021 8:13:44 AM,"439","22.0","25","1003"
12/7/2021 8:18:44 AM,"431","21.9","25","1003"
12/7/2021 8:23:44 AM,"442","21.9","25","1004"
12/7/2021 8:28:44 AM,"438","21.9","25","1004"
12/7/2021 8:33:44 AM,"445","21.9","25","1004"
12/7/2021 8:38:44 AM,"440","21.9","25","1004"
12/7/2021 8:43:44 AM,"446","21.8","25","1004"
12/7/2021 8:48:44 AM,"434","21.8","25","1004"
12/7/2021 8:53:44 AM,"452","21.8","25","1004"
12/7/2021 8:58:44 AM,"453","21.8","25","1003"
12/7/2021 9:03:44 AM,"459","21.7","25","1004"
12/7/2021 9:08:44 AM,"463","21.7","25","1004"
12/7/2021 9:13:44 AM,"445","21.6","25","1004"
12/7/2021 9:18:44 AM,"516","22.7","26","1004"
12/7/2021 9:23:44 AM,"491","22.9","26","1004"
12/7/2021 9:28:44 AM,"491","22.6","26","1004"
12/7/2021 9:33:44 AM,"530","22.6","26","1003"
12/7/2021 9:38:44 AM,"541","22.6","26","1003"
12/7/2021 9:43:44 AM,"501","21.8","26","1003"
12/7/2021 9:48:44 AM,"488","21.2","26","1003"
12/7/2021 9:53:44 AM,"462","20.7","27","1003"
12/7/2021 9:58:44 AM,"454","20.8","27","1003"
12/7/2021 10:03:44 AM,"465","21.5","26","1003"
12/7/2021 10:08:44 AM,"483","22.0","26","1003"
12/7/2021 10:13:44 AM,"486","22.3","25","1003"
12/7/2021 10:18:44 AM,"488","22.5","25","1003"
12/7/2021 10:23:44 AM,"497","22.6","25","1003"
12/7/2021 10:28:44 AM,"506","22.8","25","1003"
12/7/2021 10:33:44 AM,"527","22.8","25","1003"
12/7/2021 10:38:44 AM,"534","22.8","25","1003"
12/7/2021 10:43:44 AM,"548","22.8","26","1003"
12/7/2021 10:48:44 AM,"572","22.7","26","1003"
12/7/2021 10:53:44 AM,"587","22.7","26","1003"
12/7/2021 10:58:44 AM,"600","22.6","26","1002"
12/7/2021 11:03:44 AM,"564","22.6","26","1002"
12/7/2021 11:08:44 AM,"564","22.6","26","1002"
12/7/2021 11:13:44 AM,"573","22.5","26","1002"
12/7/2021 11:18:44 AM,"624","22.5","27","1002"
12/7/2021 11:23:44 AM,"588","22.5","27","1002"
12/7/2021 11:28:44 AM,"594","22.4","27","1002"
12/7/2021 11:33:44 AM,"540","22.4","27","1002"
12/7/2021 11:38:44 AM,"573","22.4","27","1002"
12/7/2021 11:43:44 AM,"623","22.4","27","1002"
12/7/2021 11:48:44 AM,"617","22.2","27","1002"
12/7/2021 11:53:44 AM,"624","22.1","27","1002"
12/7/2021 11:58:44 AM,"640","22.0","27","1002"
12/7/2021 12:03:44 PM,"675","22.0","27","1001"
12/7/2021 12:08:44 PM,"657","22.0","27","1001"
12/7/2021 12:13:44 PM,"640","21.9","28","1001"
12/7/2021 12:18:44 PM,"621","21.8","28","1001"
12/7/2021 12:23:44 PM,"617","21.8","28","1001"
12/7/2021 12:28:44 PM,"626","21.7","28","1001"
12/7/2021 12:33:44 PM,"645","21.6","28","1001"
12/7/2021 12:38:44 PM,"654","21.6","28","1001"
12/7/2021 12:43:44 PM,"675","21.6","28","1001"
12/7/2021 12:48:44 PM,"667","21.6","28","1001"
12/7/2021 12:53:44 PM,"690","21.5","28","1001"
12/7/2021 12:58:44 PM,"688","21.6","28","1000"
12/7/2021 1:03:44 PM,"681","21.6","28","1000"
12/7/2021 1:08:44 PM,"684","21.5","28","1000"
12/7/2021 1:13:44 PM,"687","21.5","28","1000"
12/7/2021 1:18:44 PM,"703","21.6","29","1000"
12/7/2021 1:23:44 PM,"691","21.6","29","1000"
12/7/2021 1:28:44 PM,"697","21.6","29","1000"
12/7/2021 1:33:44 PM,"691","21.5","29","999"
12/7/2021 1:38:44 PM,"690","21.6","29","999"
12/7/2021 1:43:44 PM,"678","21.6","29","999"
12/7/2021 1:48:44 PM,"686","21.5","29","999"
12/7/2021 1:53:44 PM,"686","21.5","29","999"
12/7/2021 1:58:44 PM,"667","21.5","29","998"
12/7/2021 2:03:44 PM,"664","21.6","29","998"
12/7/2021 2:08:44 PM,"662","21.6","29","999"
12/7/2021 2:13:44 PM,"670","21.6","29","998"
12/7/2021 2:18:44 PM,"654","21.6","29","998"
12/7/2021 2:23:44 PM,"650","21.6","28","998"
12/7/2021 2:28:44 PM,"646","21.6","28","998"
12/7/2021 2:33:44 PM,"646","21.7","28","998"
12/7/2021 2:38:44 PM,"658","21.7","29","998"
12/7/2021 2:43:44 PM,"655","21.6","29","998"
12/7/2021 2:48:44 PM,"660","21.6","29","998"
12/7/2021 2:53:44 PM,"650","21.6","29","998"
12/7/2021 2:58:44 PM,"669","21.6","29","998"
12/7/2021 3:03:44 PM,"662","21.6","29","998"
12/7/2021 3:08:44 PM,"649","21.6","29","998"
12/7/2021 3:13:44 PM,"663","21.7","29","997"
12/7/2021 3:18:44 PM,"656","21.6","29","997"
12/7/2021 3:23:44 PM,"646","21.6","29","997"
12/7/2021 3:28:44 PM,"625","21.7","29","997"
12/7/2021 3:33:44 PM,"626","21.7","29","997"
12/7/2021 3:38:44 PM,"612","21.6","29","997"
12/7/2021 3:43:44 PM,"622","21.6","29","997"
12/7/2021 3:48:44 PM,"612","21.6","28","997"
12/7/2021 3:53:44 PM,"628","21.6","28","997"
12/7/2021 3:58:44 PM,"601","21.6","28","997"
12/7/2021 4:03:44 PM,"618","21.6","28","996"
12/7/2021 4:08:44 PM,"618","21.6","28","996"
12/7/2021 4:13:44 PM,"616","21.6","28","996"
12/7/2021 4:18:44 PM,"610","21.6","28","996"
12/7/2021 4:23:44 PM,"604","21.6","28","996"
12/7/2021 4:28:44 PM,"590","21.6","28","996"
12/7/2021 4:33:44 PM,"604","21.6","28","995"
12/7/2021 4:38:44 PM,"623","21.7","28","995"
12/7/2021 4:43:44 PM,"604","21.7","28","995"
12/7/2021 4:48:44 PM,"574","21.7","28","995"
12/7/2021 4:53:44 PM,"470","21.5","28","995"
12/7/2021 4:58:44 PM,"460","21.4","28","995"
12/7/2021 5:03:44 PM,"456","21.3","27","995"
12/7/2021 5:08:44 PM,"442","21.2","27","994"
12/7/2021 5:13:44 PM,"437","21.2","27","994"
12/7/2021 5:18:44 PM,"444","21.2","27","994"
12/7/2021 5:23:44 PM,"440","21.2","27","994"
12/7/2021 5:28:44 PM,"434","21.2","27","993"
12/7/2021 5:33:44 PM,"428","21.1","27","993"
12/7/2021 5:38:44 PM,"442","21.1","27","993"
12/7/2021 5:43:44 PM,"439","21.1","27","993"
12/7/2021 5:48:44 PM,"441","21.1","27","993"
12/7/2021 5:53:44 PM,"439","21.0","27","992"
12/7/2021 5:58:44 PM,"435","21.0","27","992"
12/7/2021 6:03:44 PM,"443","21.0","27","992"
12/7/2021 6:08:44 PM,"443","21.0","27","992"
12/7/2021 6:13:44 PM,"440","21.0","27","992"
12/7/2021 6:18:44 PM,"438","21.0","27","992"
12/7/2021 6:23:44 PM,"425","21.0","27","992"
12/7/2021 6:28:44 PM,"438","21.0","27","991"
12/7/2021 6:33:44 PM,"422","21.0","27","991"
12/7/2021 6:38:44 PM,"431","21.0","28","991"
12/7/2021 6:43:44 PM,"429","21.0","28","990"
12/7/2021 6:48:44 PM,"434","21.0","28","990"
12/7/2021 6:53:44 PM,"434","21.0","28","990"
12/7/2021 6:58:44 PM,"433","21.0","28","990"
12/7/2021 7:03:44 PM,"434","21.0","28","990"
12/7/2021 7:08:44 PM,"425","21.0","28","990"
12/7/2021 7:13:44 PM,"430","21.0","28","990"
12/7/2021 7:18:44 PM,"432","21.0","28","989"
12/7/2021 7:23:44 PM,"429","21.0","28","989"
12/7/2021 7:28:44 PM,"420","21.0","28","989"
12/7/2021 7:33:44 PM,"424","20.9","28","989"
12/7/2021 7:38:44 PM,"425","20.9","28","988"
12/7/2021 7:43:44 PM,"434","20.9","28","988"
12/7/2021 7:48:44 PM,"434","20.9","28","988"
12/7/2021 7:53:44 PM,"425","20.9","28","988"
12/7/2021 7:58:44 PM,"428","21.0","28","988"
12/7/2021 8:03:44 PM,"424","20.9","28","988"
12/7/2021 8:08:44 PM,"431","20.9","28","988"
12/7/2021 8:13:44 PM,"433","20.9","28","987"
12/7/2021 8:18:44 PM,"417","20.9","28","987"
12/7/2021 8:23:44 PM,"425","20.9","28","987"
12/7/2021 8:28:44 PM,"427","20.9","28","988"
12/7/2021 8:33:44 PM,"418","20.9","28","987"
12/7/2021 8:38:44 PM,"429","20.9","28","988"
12/7/2021 8:43:44 PM,"422","20.9","28","988"
12/7/2021 8:48:44 PM,"412","20.9","28","987"
12/7/2021 8:53:44 PM,"420","20.9","28","987"
12/7/2021 8:58:44 PM,"428","20.9","28","987"
12/7/2021 9:03:44 PM,"426","20.8","28","987"
12/7/2021 9:08:44 PM,"409","20.9","28","987"
12/7/2021 9:13:44 PM,"422","20.9","28","987"
12/7/2021 9:18:44 PM,"423","20.8","28","986"
12/7/2021 9:23:44 PM,"432","20.8","28","986"
12/7/2021 9:28:44 PM,"430","20.8","28","986"
12/7/2021 9:33:44 PM,"418","20.8","28","986"
12/7/2021 9:38:44 PM,"420","20.8","28","986"
12/7/2021 9:43:44 PM,"420","20.8","28","985"
12/7/2021 9:48:44 PM,"426","20.8","28","985"
12/7/2021 9:53:44 PM,"427","20.8","28","985"
12/7/2021 9:58:44 PM,"421","20.8","28","985"
12/7/2021 10:03:44 PM,"420","20.8","28","985"
12/7/2021 10:08:44 PM,"419","20.8","28","985"
12/7/2021 10:13:44 PM,"429","21.0","28","985"
12/7/2021 10:18:44 PM,"450","21.1","28","985"
12/7/2021 10:23:44 PM,"455","21.2","28","985"
12/7/2021 10:28:44 PM,"455","21.3","28","985"
12/7/2021 10:33:44 PM,"465","21.5","28","985"
12/7/2021 10:38:44 PM,"458","21.5","28","985"
12/7/2021 10:43:44 PM,"473","21.5","28","985"
12/7/2021 10:48:44 PM,"477","21.6","28","985"
12/7/2021 10:53:44 PM,"489","21.7","28","985"
12/7/2021 10:58:44 PM,"483","21.8","28","985"
12/7/2021 11:03:44 PM,"505","21.8","27","985"
12/7/2021 11:08:44 PM,"490","21.9","27","985"
12/7/2021 11:13:44 PM,"508","21.9","27","985"
12/7/2021 11:18:44 PM,"522","22.0","27","985"
12/7/2021 11:23:44 PM,"501","22.0","27","985"
12/7/2021 11:28:44 PM,"518","22.1","27","985"
12/7/2021 11:33:44 PM,"526","22.1","27","985"
12/7/2021 11:38:44 PM,"528","22.2","27","985"
12/7/2021 11:43:44 PM,"530","22.2","27","985"
12/7/2021 11:48:44 PM,"533","22.3","27","985"
12/7/2021 11:53:44 PM,"548","22.4","27","985"
12/7/2021 11:58:44 PM,"543","22.4","27","985"
12/8/2021 12:03:44 AM,"529","22.5","27","985"
12/8/2021 12:08:44 AM,"559","22.5","27","985"
12/8/2021 12:13:44 AM,"545","22.5","27","985"
12/8/2021 12:18:44 AM,"570","22.6","27","985"
12/8/2021 12:23:44 AM,"575","22.6","27","985"
12/8/2021 12:28:44 AM,"567","22.6","27","985"
12/8/2021 12:33:44 AM,"579","22.6","27","985"
12/8/2021 12:38:44 AM,"563","22.7","27","985"
12/8/2021 12:43:44 AM,"577","22.8","27","985"
12/8/2021 12:48:44 AM,"572","22.8","27","985"
12/8/2021 12:53:44 AM,"576","22.8","27","985"
12/8/2021 12:58:44 AM,"585","22.9","27","985"
12/8/2021 1:03:44 AM,"585","22.9","27","985"
12/8/2021 1:08:44 AM,"595","23.0","27","985"
12/8/2021 1:13:44 AM,"598","23.0","27","985"
12/8/2021 1:18:44 AM,"593","23.0","27","985"
12/8/2021 1:23:44 AM,"604","23.0","27","985"
12/8/2021 1:28:44 AM,"605","23.0","27","985"
12/8/2021 1:33:44 AM,"594","23.1","27","985"
12/8/2021 1:38:44 AM,"613","23.1","27","985"
12/8/2021 1:43:44 AM,"623","23.1","27","985"
12/8/2021 1:48:44 AM,"620","23.2","27","985"
12/8/2021 1:53:44 AM,"621","23.2","27","986"
12/8/2021 1:58:44 AM,"608","23.2","27","985"
12/8/2021 2:03:44 AM,"621","23.2","27","985"
12/8/2021 2:08:44 AM,"628","23.2","27","985"
12/8/2021 2:13:44 AM,"619","23.3","27","985"
12/8/2021 2:18:44 AM,"643","23.4","27","986"
12/8/2021 2:23:44 AM,"628","23.4","27","986"
12/8/2021 2:28:44 AM,"630","23.4","27","986"
12/8/2021 2:33:44 AM,"637","23.4","27","986"
12/8/2021 2:38:44 AM,"625","23.4","27","986"
12/8/2021 2:43:44 AM,"640","23.5","27","986"
12/8/2021 2:48:44 AM,"626","23.5","27","986"
12/8/2021 2:53:44 AM,"643","23.5","27","986"
12/8/2021 2:58:44 AM,"629","23.5","27","986"
12/8/2021 3:03:44 AM,"641","23.5","27","986"
12/8/2021 3:08:44 AM,"634","23.5","27","986"
12/8/2021 3:13:44 AM,"641","23.6","27","986"
12/8/2021 3:18:44 AM,"639","23.5","27","986"
12/8/2021 3:23:44 AM,"638","23.6","27","986"
12/8/2021 3:28:44 AM,"645","23.6","27","986"
12/8/2021 3:33:44 AM,"641","23.6","27","986"
12/8/2021 3:38:44 AM,"641","23.6","27","986"
12/8/2021 3:43:44 AM,"649","23.6","27","986"
12/8/2021 3:48:44 AM,"639","23.6","27","986"
12/8/2021 3:53:44 AM,"654","23.8","27","986"
12/8/2021 3:58:44 AM,"660","23.8","27","986"
12/8/2021 4:03:44 AM,"647","23.8","27","986"
12/8/2021 4:08:44 AM,"654","23.8","27","986"
12/8/2021 4:13:44 AM,"654","23.8","27","986"
12/8/2021 4:18:44 AM,"655","23.8","27","986"
12/8/2021 4:23:44 AM,"659","23.9","27","987"
12/8/2021 4:28:44 AM,"644","23.9","27","987"
12/8/2021 4:33:44 AM,"656","23.9","27","987"
12/8/2021 4:38:44 AM,"641","23.9","27","987"
12/8/2021 4:43:44 AM,"658","23.9","27","987"
12/8/2021 4:48:44 AM,"651","23.9","27","987"
12/8/2021 4:53:44 AM,"667","23.9","27","987"
12/8/2021 4:58:44 AM,"659","24.0","27","987"
12/8/2021 5:03:44 AM,"655","24.0","27","987"
12/8/2021 5:08:44 AM,"658","24.0","27","987"
12/8/2021 5:13:44 AM,"650","24.0","27","987"
12/8/2021 5:18:44 AM,"658","24.0","27","987"
12/8/2021 5:23:44 AM,"661","24.0","27","987"
12/8/2021 5:28:44 AM,"654","24.0","27","987"
12/8/2021 5:33:44 AM,"667","24.0","27","987"
12/8/2021 5:38:44 AM,"665","24.0","26","987"
12/8/2021 5:43:44 AM,"667","24.0","27","987"
12/8/2021 5:48:44 AM,"671","24.0","26","987"
12/8/2021 5:53:44 AM,"614","24.0","26","987"
12/8/2021 5:58:44 AM,"494","23.8","26","987"
12/8/2021 6:03:44 AM,"457","23.5","25","987"
12/8/2021 6:08:44 AM,"445","23.4","25","987"
12/8/2021 6:13:44 AM,"447","23.3","25","987"
12/8/2021 6:18:44 AM,"437","23.1","25","987"
12/8/2021 6:23:44 AM,"438","23.0","25","987"
12/8/2021 6:28:44 AM,"435","22.9","25","987"
12/8/2021 6:33:44 AM,"427","22.9","25","987"
12/8/2021 6:38:44 AM,"426","22.8","25","988"
12/8/2021 6:43:44 AM,"434","22.6","25","988"
12/8/2021 6:48:44 AM,"438","22.6","25","988"
12/8/2021 6:53:44 AM,"430","22.5","25","988"
12/8/2021 6:58:44 AM,"429","22.5","25","988"
12/8/2021 7:03:44 AM,"432","22.4","25","988"
12/8/2021 7:08:44 AM,"429","22.4","25","988"
12/8/2021 7:13:44 AM,"430","22.3","25","988"
12/8/2021 7:18:44 AM,"439","22.2","26","988"
12/8/2021 7:23:44 AM,"434","22.2","26","988"
12/8/2021 7:28:44 AM,"422","22.1","26","988"
12/8/2021 7:33:44 AM,"433","22.1","26","988"
12/8/2021 7:38:44 AM,"429","22.1","26","988"
12/8/2021 7:43:44 AM,"430","22.0","26","988"
12/8/2021 7:48:44 AM,"428","22.0","26","988"
12/8/2021 7:53:44 AM,"432","22.0","26","988"
12/8/2021 7:58:44 AM,"433","21.9","26","988"
12/8/2021 8:03:44 AM,"434","21.9","26","988"
12/8/2021 8:08:44 AM,"434","21.8","26","988"
12/8/2021 8:13:44 AM,"432","21.8","26","988"
12/8/2021 8:18:44 AM,"444","21.8","26","989"
12/8/2021 8:23:44 AM,"436","21.8","26","989"
12/8/2021 8:28:44 AM,"438","21.8","26","989"
12/8/2021 8:33:44 AM,"441","21.7","26","989"
12/8/2021 8:38:44 AM,"439","21.7","26","989"
12/8/2021 8:43:44 AM,"431","21.6","26","989"
12/8/2021 8:48:44 AM,"438","21.6","26","989"
12/8/2021 8:53:44 AM,"437","21.6","26","989"
12/8/2021 8:58:44 AM,"433","21.6","26","989"
12/8/2021 9:03:44 AM,"445","21.6","26","989"
12/8/2021 9:08:44 AM,"433","21.5","26","989"
12/8/2021 9:13:44 AM,"510","21.9","27","989"
12/8/2021 9:18:44 AM,"431","21.4","26","989"
12/8/2021 9:23:44 AM,"437","20.3","27","989"
12/8/2021 9:28:44 AM,"441","19.8","28","989"
